frame.time_epoch,frame.len,frame.time_delta,frame.time_delta_displayed,eth.src,ip.src,ip.proto,ip.len,ip.ttl,ip.flags.df,ip.dsfield.dscp,tcp.srcport,tcp.dstport,tcp.len,tcp.hdr_len,tcp.flags,tcp.window_size_value,udp.srcport,udp.dstport,udp.length,frame.protocols
1641212101.368318000,98,,,c0:e7:bf:0a:79:d1,192.168.137.55,1,84,64,True,0,,,,,,,,,,eth:ethertype:ip:icmp:data
1641212101.402798000,105,0.034480000,0.034480000,44:01:bb:ec:10:4a,192.168.137.66,6,91,64,True,0,36967,50920,39,32,0x0018,2811,,,,eth:ethertype:ip:tcp:tls
1641212101.444116000,105,0.041318000,0.041318000,3c:18:a0:41:c3:a0,47.254.90.186,6,91,48,True,0,50920,36967,39,32,0x0018,114,,,,eth:ethertype:ip:tcp:tls
1641212101.456880000,156,0.012764000,0.012764000,44:bb:3b:00:39:07,192.168.137.125,6,142,64,True,0,54098,443,90,32,0x0018,3233,,,,eth:ethertype:ip:tcp:tls
1641212101.490704000,66,0.033824000,0.033824000,3c:18:a0:41:c3:a0,47.254.90.186,6,52,48,True,0,50920,36967,0,32,0x0010,114,,,,eth:ethertype:ip:tcp
1641212101.490780000,105,0.000076000,0.000076000,3c:18:a0:41:c3:a0,47.254.90.186,6,91,48,True,0,50920,36967,39,32,0x0018,114,,,,eth:ethertype:ip:tcp:tls
1641212101.505635000,66,0.014855000,0.014855000,3c:18:a0:41:c3:a0,34.123.64.154,6,52,60,True,0,443,54098,0,32,0x0010,728,,,,eth:ethertype:ip:tcp
1641212101.519743000,230,0.014108000,0.014108000,b8:f0:09:03:29:79,192.168.137.58,17,216,255,False,0,,,,,,,49154,6667,196,eth:ethertype:ip:udp:data
1641212101.687020000,140,0.089782000,0.167277000,3c:18:a0:41:c3:a0,34.123.64.154,6,126,60,True,0,443,54098,74,32,0x0018,728,,,,eth:ethertype:ip:tcp:tls
1641212101.708174000,66,0.021154000,0.021154000,44:bb:3b:00:39:07,192.168.137.125,6,52,64,True,0,54098,443,0,32,0x0010,3233,,,,eth:ethertype:ip:tcp
1641212101.908864000,90,0.200690000,0.200690000,34:75:63:73:f3:36,192.168.137.136,17,76,64,True,0,,,,,,,14025,32100,56,eth:ethertype:ip:udp:data
1641212101.908864000,90,0.000000000,0.000000000,34:75:63:73:f3:36,192.168.137.136,17,76,64,True,0,,,,,,,14025,32100,56,eth:ethertype:ip:udp:data
1641212101.908864000,90,0.000000000,0.000000000,34:75:63:73:f3:36,192.168.137.136,17,76,64,True,0,,,,,,,14025,32100,56,eth:ethertype:ip:udp:data
1641212101.956102000,54,0.031753000,0.047238000,3c:18:a0:41:c3:a0,3.221.182.58,17,40,33,True,0,,,,,,,32100,14025,20,eth:ethertype:ip:udp:data
1641212102.153033000,54,0.196931000,0.196931000,3c:18:a0:41:c3:a0,47.112.162.49,17,40,41,True,0,,,,,,,32100,14025,20,eth:ethertype:ip:udp:data
1641212102.465901000,214,0.303662000,0.312868000,d4:a6:51:30:64:b7,192.168.137.202,17,200,255,False,0,,,,,,,55407,6667,180,eth:ethertype:ip:udp:data
1641212102.502889000,156,0.036988000,0.036988000,44:bb:3b:00:39:07,192.168.137.125,6,142,64,True,0,54098,443,90,32,0x0018,3233,,,,eth:ethertype:ip:tcp:tls
1641212102.551790000,66,0.048901000,0.048901000,3c:18:a0:41:c3:a0,34.123.64.154,6,52,60,True,0,443,54098,0,32,0x0010,728,,,,eth:ethertype:ip:tcp
1641212102.568523000,60,0.016733000,0.016733000,10:2c:6b:1b:43:be,192.168.137.176,17,32,64,True,0,,,,,,,60938,10001,12,eth:ethertype:ip:udp:data
1641212102.568523000,60,0.000000000,0.000000000,10:2c:6b:1b:43:be,192.168.137.176,17,32,64,True,0,,,,,,,60938,10001,12,eth:ethertype:ip:udp:data
1641212102.568523000,60,0.000000000,0.000000000,10:2c:6b:1b:43:be,192.168.137.176,17,32,64,True,0,,,,,,,60938,10001,12,eth:ethertype:ip:udp:data
1641212102.857571000,66,0.262171000,0.289048000,cc:f4:11:9c:d0:00,192.168.137.246,6,52,64,True,0,44932,5228,0,32,0x0010,834,,,,eth:ethertype:ip:tcp
1641212102.899873000,66,0.042302000,0.042302000,3c:18:a0:41:c3:a0,52.10.15.125,6,52,220,True,0,443,33980,0,32,0x0010,219,,,,eth:ethertype:ip:tcp
1641212102.900695000,66,0.000822000,0.000822000,3c:37:86:6f:b9:51,192.168.137.138,6,52,64,True,0,33980,443,0,32,0x0010,621,,,,eth:ethertype:ip:tcp
1641212102.904550000,66,0.003855000,0.003855000,3c:18:a0:41:c3:a0,172.253.122.188,6,52,123,False,0,5228,44932,0,32,0x0010,265,,,,eth:ethertype:ip:tcp
1641212103.060408000,218,0.155858000,0.155858000,44:01:bb:ec:10:4a,192.168.137.66,17,204,64,True,0,,,,,,,50271,37010,184,eth:ethertype:ip:udp:data
1641212103.064884000,66,0.004476000,0.004476000,44:01:bb:ec:10:4a,192.168.137.66,6,52,64,True,0,36967,50920,0,32,0x0010,2811,,,,eth:ethertype:ip:tcp
1641212103.066254000,66,0.001370000,0.001370000,44:01:bb:ec:10:4a,192.168.137.66,6,52,64,True,0,36967,50920,0,32,0x0010,2811,,,,eth:ethertype:ip:tcp
1641212103.077764000,60,0.011510000,0.011510000,70:ee:50:68:0e:32,192.168.137.178,17,29,64,True,0,,,,,,,59416,4500,9,eth:ethertype:ip:udp:udpencap
1641212103.098812000,105,0.010600000,0.021048000,44:01:bb:ec:10:4a,192.168.137.66,6,91,64,True,0,36967,50920,39,32,0x0018,2811,,,,eth:ethertype:ip:tcp:tls
1641212103.226407000,66,0.127595000,0.127595000,3c:18:a0:41:c3:a0,47.254.90.186,6,52,48,True,0,50920,36967,0,32,0x0010,114,,,,eth:ethertype:ip:tcp
1641212103.265596000,230,0.039189000,0.039189000,24:a1:60:14:7f:f9,192.168.137.188,17,216,255,False,0,,,,,,,49154,6667,196,eth:ethertype:ip:udp:data
1641212103.497597000,66,0.232001000,0.232001000,cc:f4:11:9c:d0:00,192.168.137.246,6,52,64,True,0,38750,80,0,32,0x0010,457,,,,eth:ethertype:ip:tcp
1641212103.522683000,66,0.025086000,0.025086000,3c:18:a0:41:c3:a0,142.251.32.67,6,52,123,False,0,80,38750,0,32,0x0010,705,,,,eth:ethertype:ip:tcp
1641212103.697597000,214,0.174914000,0.174914000,d4:a6:51:76:06:64,192.168.137.44,17,200,255,False,0,,,,,,,49153,6667,180,eth:ethertype:ip:udp:data
1641212103.824699000,230,0.127102000,0.127102000,b8:f0:09:03:9a:af,192.168.137.102,17,216,255,False,0,,,,,,,49155,6667,196,eth:ethertype:ip:udp:data
1641212103.828375000,60,0.003676000,0.003676000,c0:e7:bf:0a:79:d1,192.168.137.55,17,44,64,True,0,,,,,,,54237,8877,24,eth:ethertype:ip:udp:data
1641212104.392928000,214,0.023476000,0.564553000,d4:a6:51:20:91:d1,192.168.137.165,17,200,255,False,0,,,,,,,49153,6667,180,eth:ethertype:ip:udp:data
1641212104.470454000,230,0.077526000,0.077526000,50:02:91:10:ac:d8,192.168.137.135,17,216,255,False,0,,,,,,,49154,6667,196,eth:ethertype:ip:udp:data
1641212104.649167000,230,0.152954000,0.178713000,50:02:91:b1:68:0c,192.168.137.161,17,216,255,False,0,,,,,,,49154,6667,196,eth:ethertype:ip:udp:data
1641212104.715331000,230,0.066164000,0.066164000,50:02:91:1a:ce:e1,192.168.137.218,17,216,255,False,0,,,,,,,49154,6667,196,eth:ethertype:ip:udp:data
1641212104.800374000,79,0.085043000,0.085043000,c0:e7:bf:0a:79:d1,192.168.137.55,17,65,64,True,0,,,,,,,46405,53,45,eth:ethertype:ip:udp:dns
1641212104.802861000,95,0.002487000,0.002487000,3c:18:a0:41:c3:a0,192.168.137.1,17,81,128,False,0,,,,,,,53,46405,61,eth:ethertype:ip:udp:dns
1641212104.806539000,74,0.003678000,0.003678000,c0:e7:bf:0a:79:d1,192.168.137.55,6,60,64,True,0,55750,80,0,40,0x0002,14600,,,,eth:ethertype:ip:tcp
1641212104.910725000,214,0.104186000,0.104186000,d4:a6:51:78:97:4e,192.168.137.204,17,200,255,False,0,,,,,,,49153,6667,180,eth:ethertype:ip:udp:data
1641212104.978017000,361,0.067292000,0.067292000,cc:f4:11:9c:d0:00,192.168.137.246,6,347,64,True,0,38750,80,295,32,0x0018,457,,,,eth:ethertype:ip:tcp:http
1641212105.003215000,66,0.025198000,0.025198000,3c:18:a0:41:c3:a0,142.251.32.67,6,52,123,False,0,80,38750,0,32,0x0010,709,,,,eth:ethertype:ip:tcp
1641212105.003273000,149,0.000058000,0.000058000,3c:18:a0:41:c3:a0,142.251.32.67,6,135,123,False,0,80,38750,83,32,0x0018,709,,,,eth:ethertype:ip:tcp:http
1641212105.149488000,230,0.072565000,0.146215000,c4:dd:57:0c:39:94,192.168.137.211,17,216,255,False,0,,,,,,,49154,6667,196,eth:ethertype:ip:udp:data
1641212105.187036000,66,0.037548000,0.037548000,cc:f4:11:9c:d0:00,192.168.137.246,6,52,64,True,0,38750,80,0,32,0x0010,457,,,,eth:ethertype:ip:tcp
1641212105.192733000,230,0.005697000,0.005697000,50:02:91:10:09:8f,192.168.137.147,17,216,255,False,0,,,,,,,49154,6667,196,eth:ethertype:ip:udp:data
1641212105.199832000,100,0.007099000,0.007099000,3c:18:a0:41:c3:a0,52.94.243.11,6,86,223,True,0,443,47604,46,20,0x0018,1688,,,,eth:ethertype:ip:tcp:tls
1641212105.206790000,100,0.006958000,0.006958000,a0:d0:dc:c4:08:ff,192.168.137.133,6,86,64,True,0,47604,443,46,20,0x0018,2920,,,,eth:ethertype:ip:tcp:tls
1641212105.235333000,54,0.028543000,0.028543000,3c:18:a0:41:c3:a0,52.94.243.11,6,40,223,True,0,443,47604,0,20,0x0010,1688,,,,eth:ethertype:ip:tcp
1641212105.440299000,100,0.204966000,0.204966000,a0:d0:dc:c4:08:ff,192.168.137.133,6,86,64,True,0,47604,443,46,20,0x0018,2920,,,,eth:ethertype:ip:tcp
1641212105.468784000,54,0.028485000,0.028485000,3c:18:a0:41:c3:a0,52.94.243.11,6,40,229,True,0,443,47604,0,20,0x0010,1688,,,,eth:ethertype:ip:tcp
1641212105.602724000,214,0.133940000,0.133940000,68:57:2d:56:ac:47,192.168.137.200,17,200,255,False,0,,,,,,,49153,6667,180,eth:ethertype:ip:udp:data
1641212105.797997000,74,0.195273000,0.195273000,c0:e7:bf:0a:79:d1,192.168.137.55,6,60,64,True,0,55750,80,0,40,0x0002,14600,,,,eth:ethertype:ip:tcp
1641212106.101378000,218,0.303381000,0.303381000,44:01:bb:ec:10:4a,192.168.137.66,17,204,1,True,0,,,,,,,37020,37000,184,eth:ethertype:ip:udp:data
1641212106.261888000,214,0.160510000,0.160510000,d4:a6:51:21:6c:29,192.168.137.109,17,200,255,False,0,,,,,,,49154,6667,180,eth:ethertype:ip:udp:data
1641212106.295586000,60,0.033698000,0.033698000,00:17:88:60:d6:4f,192.168.137.33,6,40,64,True,0,46474,443,0,20,0x0010,4730,,,,eth:ethertype:ip:tcp
1641212106.344283000,54,0.048697000,0.048697000,3c:18:a0:41:c3:a0,173.194.194.206,6,40,123,False,0,443,46474,0,20,0x0010,269,,,,eth:ethertype:ip:tcp
1641212106.489191000,100,0.072386000,0.144908000,3c:18:a0:41:c3:a0,52.94.229.122,6,86,213,True,0,443,41772,46,20,0x0018,32621,,,,eth:ethertype:ip:tcp:tls
1641212106.491166000,100,0.001975000,0.001975000,1c:fe:2b:98:16:dd,192.168.137.28,6,86,64,True,0,41772,443,46,20,0x0018,1825,,,,eth:ethertype:ip:tcp:tls
1641212106.518371000,230,0.027205000,0.027205000,b8:f0:09:03:29:79,192.168.137.58,17,216,255,False,0,,,,,,,49154,6667,196,eth:ethertype:ip:udp:data
1641212106.520426000,54,0.002055000,0.002055000,3c:18:a0:41:c3:a0,52.94.229.122,6,40,213,True,0,443,41772,0,20,0x0010,32620,,,,eth:ethertype:ip:tcp
1641212106.613859000,156,0.093433000,0.093433000,44:bb:3b:00:39:07,192.168.137.125,6,142,64,True,0,54098,443,90,32,0x0018,3233,,,,eth:ethertype:ip:tcp:tls
1641212106.662596000,66,0.048737000,0.048737000,3c:18:a0:41:c3:a0,34.123.64.154,6,52,60,True,0,443,54098,0,32,0x0010,728,,,,eth:ethertype:ip:tcp
1641212106.774814000,99,0.054011000,0.112218000,b0:09:da:3e:82:6c,192.168.137.119,6,85,64,True,46,60854,443,33,32,0x0018,1090,,,,eth:ethertype:ip:tcp:tls
1641212106.846401000,66,0.071587000,0.071587000,3c:18:a0:41:c3:a0,3.218.252.149,6,52,228,True,0,443,60854,0,32,0x0010,1422,,,,eth:ethertype:ip:tcp
1641212106.848181000,127,0.001780000,0.001780000,b0:09:da:3e:82:6c,192.168.137.119,6,113,64,True,46,60854,443,61,32,0x0018,1090,,,,eth:ethertype:ip:tcp:tls
1641212106.876769000,66,0.028588000,0.028588000,3c:18:a0:41:c3:a0,3.218.252.149,6,52,228,True,0,443,60854,0,32,0x0010,1422,,,,eth:ethertype:ip:tcp
1641212106.876826000,99,0.000057000,0.000057000,3c:18:a0:41:c3:a0,3.218.252.149,6,85,228,True,0,443,60854,33,32,0x0018,1422,,,,eth:ethertype:ip:tcp:tls
1641212106.876859000,131,0.000033000,0.000033000,3c:18:a0:41:c3:a0,3.218.252.149,6,117,228,True,0,443,60854,65,32,0x0018,1422,,,,eth:ethertype:ip:tcp:tls
1641212106.886422000,66,0.009563000,0.009563000,b0:09:da:3e:82:6c,192.168.137.119,6,52,64,True,46,60854,443,0,32,0x0010,1090,,,,eth:ethertype:ip:tcp
1641212107.467491000,214,0.527806000,0.581069000,d4:a6:51:30:64:b7,192.168.137.202,17,200,255,False,0,,,,,,,55407,6667,180,eth:ethertype:ip:udp:data
1641212107.581518000,60,0.114027000,0.114027000,10:2c:6b:1b:43:be,192.168.137.176,17,32,64,True,0,,,,,,,60938,10001,12,eth:ethertype:ip:udp:data
1641212107.581518000,60,0.000000000,0.000000000,10:2c:6b:1b:43:be,192.168.137.176,17,32,64,True,0,,,,,,,60938,10001,12,eth:ethertype:ip:udp:data
1641212107.581518000,60,0.000000000,0.000000000,10:2c:6b:1b:43:be,192.168.137.176,17,32,64,True,0,,,,,,,60938,10001,12,eth:ethertype:ip:udp:data
1641212107.640453000,156,0.058935000,0.058935000,44:bb:3b:00:39:07,192.168.137.125,6,142,64,True,0,54098,443,90,32,0x0018,3233,,,,eth:ethertype:ip:tcp:tls
1641212107.689126000,66,0.048673000,0.048673000,3c:18:a0:41:c3:a0,34.123.64.154,6,52,60,True,0,443,54098,0,32,0x0010,728,,,,eth:ethertype:ip:tcp
1641212107.797772000,74,0.108646000,0.108646000,c0:e7:bf:0a:79:d1,192.168.137.55,6,60,64,True,0,55750,80,0,40,0x0002,14600,,,,eth:ethertype:ip:tcp
1641212108.263954000,230,0.032744000,0.466182000,24:a1:60:14:7f:f9,192.168.137.188,17,216,255,False,0,,,,,,,49154,6667,196,eth:ethertype:ip:udp:data
1641212108.553816000,86,0.170737000,0.289862000,e8:1b:69:f8:d6:e6,192.168.137.236,17,72,64,True,0,,,,,,,10683,53,52,eth:ethertype:ip:udp:dns
1641212108.582980000,201,0.029164000,0.029164000,3c:18:a0:41:c3:a0,192.168.137.1,17,187,128,False,0,,,,,,,53,10683,167,eth:ethertype:ip:udp:dns
1641212108.585851000,86,0.002871000,0.002871000,e8:1b:69:f8:d6:e6,192.168.137.236,17,72,64,True,0,,,,,,,11103,53,52,eth:ethertype:ip:udp:dns
1641212108.614950000,150,0.029099000,0.029099000,3c:18:a0:41:c3:a0,192.168.137.1,17,136,128,False,0,,,,,,,53,11103,116,eth:ethertype:ip:udp:dns
1641212108.660850000,156,0.045900000,0.045900000,44:bb:3b:00:39:07,192.168.137.125,6,142,64,True,0,54098,443,90,32,0x0018,3233,,,,eth:ethertype:ip:tcp:tls
1641212108.668667000,78,0.007817000,0.007817000,34:75:63:73:f3:36,192.168.137.136,17,64,64,True,0,,,,,,,41024,53,44,eth:ethertype:ip:udp:dns
1641212108.670723000,94,0.002056000,0.002056000,3c:18:a0:41:c3:a0,192.168.137.1,17,80,128,False,0,,,,,,,53,41024,60,eth:ethertype:ip:udp:dns
1641212108.673005000,77,0.002282000,0.002282000,34:75:63:73:f3:36,192.168.137.136,17,63,64,True,0,,,,,,,38891,53,43,eth:ethertype:ip:udp:dns
1641212108.675014000,93,0.002009000,0.002009000,3c:18:a0:41:c3:a0,192.168.137.1,17,79,128,False,0,,,,,,,53,38891,59,eth:ethertype:ip:udp:dns
1641212108.678340000,74,0.003326000,0.003326000,e8:1b:69:f8:d6:e6,192.168.137.236,6,60,64,True,0,44961,21,0,40,0x0002,14600,,,,eth:ethertype:ip:tcp
1641212108.680054000,60,0.001714000,0.001714000,34:75:63:73:f3:36,192.168.137.136,17,32,64,True,0,,,,,,,14628,32100,12,eth:ethertype:ip:udp:data
1641212108.680054000,60,0.000000000,0.000000000,34:75:63:73:f3:36,192.168.137.136,17,32,64,True,0,,,,,,,14628,32100,12,eth:ethertype:ip:udp:data
1641212108.680054000,60,0.000000000,0.000000000,34:75:63:73:f3:36,192.168.137.136,17,32,64,True,0,,,,,,,14628,32100,12,eth:ethertype:ip:udp:data
1641212108.709572000,62,0.029518000,0.029518000,3c:18:a0:41:c3:a0,3.221.182.58,17,48,32,True,0,,,,,,,32100,14628,28,eth:ethertype:ip:udp:data
1641212108.728229000,66,0.018657000,0.018657000,3c:18:a0:41:c3:a0,34.123.64.154,6,52,60,True,0,443,54098,0,32,0x0010,728,,,,eth:ethertype:ip:tcp
1641212108.825394000,230,0.097165000,0.097165000,b8:f0:09:03:9a:af,192.168.137.102,17,216,255,False,0,,,,,,,49155,6667,196,eth:ethertype:ip:udp:data
1641212108.871680000,214,0.046286000,0.046286000,d4:a6:51:76:06:64,192.168.137.44,17,200,255,False,0,,,,,,,49153,6667,180,eth:ethertype:ip:udp:data
1641212108.924050000,62,0.052370000,0.052370000,3c:18:a0:41:c3:a0,47.112.162.49,17,48,40,True,5,,,,,,,32100,14628,28,eth:ethertype:ip:udp:data
1641212108.947493000,62,0.023443000,0.023443000,3c:18:a0:41:c3:a0,18.182.200.45,17,48,37,True,0,,,,,,,32100,14628,28,eth:ethertype:ip:udp:data
1641212109.136346000,218,0.188853000,0.188853000,44:01:bb:ec:10:4a,192.168.137.66,17,204,64,True,0,,,,,,,50271,37010,184,eth:ethertype:ip:udp:data
1641212109.472658000,230,0.336312000,0.336312000,50:02:91:10:ac:d8,192.168.137.135,17,216,255,False,0,,,,,,,49154,6667,196,eth:ethertype:ip:udp:data
1641212109.647858000,230,0.175200000,0.175200000,50:02:91:b1:68:0c,192.168.137.161,17,216,255,False,0,,,,,,,49154,6667,196,eth:ethertype:ip:udp:data
1641212109.676811000,74,0.028953000,0.028953000,e8:1b:69:f8:d6:e6,192.168.137.236,6,60,64,True,0,44961,21,0,40,0x0002,14600,,,,eth:ethertype:ip:tcp
1641212109.703075000,156,0.026264000,0.026264000,44:bb:3b:00:39:07,192.168.137.125,6,142,64,True,0,54098,443,90,32,0x0018,3233,,,,eth:ethertype:ip:tcp:tls
1641212109.717169000,230,0.014094000,0.014094000,50:02:91:1a:ce:e1,192.168.137.218,17,216,255,False,0,,,,,,,49154,6667,196,eth:ethertype:ip:udp:data
1641212109.730622000,214,0.013453000,0.013453000,d4:a6:51:20:91:d1,192.168.137.165,17,200,255,False,0,,,,,,,49153,6667,180,eth:ethertype:ip:udp:data
1641212109.751805000,66,0.021183000,0.021183000,3c:18:a0:41:c3:a0,34.123.64.154,6,52,60,True,0,443,54098,0,32,0x0010,728,,,,eth:ethertype:ip:tcp
1641212109.922447000,156,0.170642000,0.170642000,44:bb:3b:00:39:07,192.168.137.125,6,142,64,True,0,54098,443,90,32,0x0018,3233,,,,eth:ethertype:ip:tcp:tls
1641212109.971160000,66,0.048713000,0.048713000,3c:18:a0:41:c3:a0,34.123.64.154,6,52,60,True,0,443,54098,0,32,0x0010,728,,,,eth:ethertype:ip:tcp
1641212110.040180000,156,0.069020000,0.069020000,44:bb:3b:00:39:07,192.168.137.125,6,142,64,True,0,54098,443,90,32,0x0018,3233,,,,eth:ethertype:ip:tcp:tls
1641212110.088904000,66,0.048724000,0.048724000,3c:18:a0:41:c3:a0,34.123.64.154,6,52,60,True,0,443,54098,0,32,0x0010,728,,,,eth:ethertype:ip:tcp
1641212110.149315000,230,0.060411000,0.060411000,c4:dd:57:0c:39:94,192.168.137.211,17,216,255,False,0,,,,,,,49154,6667,196,eth:ethertype:ip:udp:data
1641212110.196502000,230,0.047187000,0.047187000,50:02:91:10:09:8f,192.168.137.147,17,216,255,False,0,,,,,,,49154,6667,196,eth:ethertype:ip:udp:data
1641212110.505427000,214,0.308925000,0.308925000,d4:a6:51:78:97:4e,192.168.137.204,17,200,255,False,0,,,,,,,49153,6667,180,eth:ethertype:ip:udp:data
1641212110.582032000,214,0.076605000,0.076605000,68:57:2d:56:ac:47,192.168.137.200,17,200,255,False,0,,,,,,,49153,6667,180,eth:ethertype:ip:udp:data
1641212110.718364000,156,0.136332000,0.136332000,44:bb:3b:00:39:07,192.168.137.125,6,142,64,True,0,54098,443,90,32,0x0018,3233,,,,eth:ethertype:ip:tcp:tls
1641212110.767127000,66,0.048763000,0.048763000,3c:18:a0:41:c3:a0,34.123.64.154,6,52,60,True,0,443,54098,0,32,0x0010,728,,,,eth:ethertype:ip:tcp
1641212110.946997000,156,0.179870000,0.179870000,44:bb:3b:00:39:07,192.168.137.125,6,142,64,True,0,54098,443,90,32,0x0018,3233,,,,eth:ethertype:ip:tcp:tls
1641212110.995699000,66,0.048702000,0.048702000,3c:18:a0:41:c3:a0,34.123.64.154,6,52,60,True,0,443,54098,0,32,0x0010,728,,,,eth:ethertype:ip:tcp
1641212111.427720000,66,0.222490000,0.432021000,3c:37:86:6f:b9:51,192.168.137.138,6,52,64,True,0,33980,443,0,32,0x0010,621,,,,eth:ethertype:ip:tcp
1641212111.511964000,66,0.084244000,0.084244000,3c:18:a0:41:c3:a0,52.10.15.125,6,52,220,True,0,443,33980,0,32,0x0010,219,,,,eth:ethertype:ip:tcp
1641212111.519704000,230,0.007740000,0.007740000,b8:f0:09:03:29:79,192.168.137.58,17,216,255,False,0,,,,,,,49154,6667,196,eth:ethertype:ip:udp:data
1641212111.598905000,214,0.079201000,0.079201000,d4:a6:51:21:6c:29,192.168.137.109,17,200,255,False,0,,,,,,,49154,6667,180,eth:ethertype:ip:udp:data
1641212111.680786000,74,0.081881000,0.081881000,e8:1b:69:f8:d6:e6,192.168.137.236,6,60,64,True,0,44961,21,0,40,0x0002,14600,,,,eth:ethertype:ip:tcp
1641212111.744367000,156,0.063581000,0.063581000,44:bb:3b:00:39:07,192.168.137.125,6,142,64,True,0,54098,443,90,32,0x0018,3233,,,,eth:ethertype:ip:tcp:tls
1641212111.793155000,66,0.048788000,0.048788000,3c:18:a0:41:c3:a0,34.123.64.154,6,52,60,True,0,443,54098,0,32,0x0010,728,,,,eth:ethertype:ip:tcp
1641212112.157394000,218,0.233089000,0.364239000,44:01:bb:ec:10:4a,192.168.137.66,17,204,1,True,0,,,,,,,37020,37000,184,eth:ethertype:ip:udp:data
1641212112.469125000,214,0.306332000,0.311731000,d4:a6:51:30:64:b7,192.168.137.202,17,200,255,False,0,,,,,,,55407,6667,180,eth:ethertype:ip:udp:data
1641212112.605548000,60,0.010377000,0.136423000,10:2c:6b:1b:43:be,192.168.137.176,17,32,64,True,0,,,,,,,60938,10001,12,eth:ethertype:ip:udp:data
1641212112.605548000,60,0.000000000,0.000000000,10:2c:6b:1b:43:be,192.168.137.176,17,32,64,True,0,,,,,,,60938,10001,12,eth:ethertype:ip:udp:data
1641212112.605548000,60,0.000000000,0.000000000,10:2c:6b:1b:43:be,192.168.137.176,17,32,64,True,0,,,,,,,60938,10001,12,eth:ethertype:ip:udp:data
1641212112.657980000,156,0.052432000,0.052432000,44:bb:3b:00:39:07,192.168.137.125,6,142,64,True,0,54098,443,90,32,0x0018,3233,,,,eth:ethertype:ip:tcp:tls
1641212112.706589000,66,0.048609000,0.048609000,3c:18:a0:41:c3:a0,34.123.64.154,6,52,60,True,0,443,54098,0,32,0x0010,728,,,,eth:ethertype:ip:tcp
1641212112.807480000,66,0.100891000,0.100891000,40:5d:82:35:14:c8,192.168.137.54,6,52,64,True,0,52596,443,0,32,0x0010,1225,,,,eth:ethertype:ip:tcp
1641212112.893400000,66,0.085920000,0.085920000,3c:18:a0:41:c3:a0,100.20.126.204,6,52,220,True,0,443,52596,0,32,0x0010,55,,,,eth:ethertype:ip:tcp
1641212113.094819000,60,0.201419000,0.201419000,70:ee:50:68:0e:32,192.168.137.178,17,29,3,True,0,,,,,,,59416,4500,9,eth:ethertype:ip:udp:udpencap
1641212113.097026000,110,0.002207000,0.002207000,3c:18:a0:41:c3:a0,205.174.165.65,1,96,253,False,0,,,,,,,59416,4500,9,eth:ethertype:ip:icmp:ip:udp:udpencap
1641212113.268133000,230,0.171107000,0.171107000,24:a1:60:14:7f:f9,192.168.137.188,17,216,255,False,0,,,,,,,49154,6667,196,eth:ethertype:ip:udp:data
1641212113.700596000,156,0.327152000,0.432463000,44:bb:3b:00:39:07,192.168.137.125,6,142,64,True,0,54098,443,90,32,0x0018,3233,,,,eth:ethertype:ip:tcp:tls
1641212113.749355000,66,0.048759000,0.048759000,3c:18:a0:41:c3:a0,34.123.64.154,6,52,60,True,0,443,54098,0,32,0x0010,728,,,,eth:ethertype:ip:tcp
1641212113.825273000,230,0.075918000,0.075918000,b8:f0:09:03:9a:af,192.168.137.102,17,216,255,False,0,,,,,,,49155,6667,196,eth:ethertype:ip:udp:data
1641212113.990654000,214,0.165381000,0.165381000,d4:a6:51:76:06:64,192.168.137.44,17,200,255,False,0,,,,,,,49153,6667,180,eth:ethertype:ip:udp:data
1641212113.992193000,123,0.001539000,0.001539000,d4:a6:51:76:06:64,192.168.137.44,6,109,255,False,0,49221,8886,69,20,0x0018,1609,,,,eth:ethertype:ip:tcp:tls
1641212114.075798000,123,0.083605000,0.083605000,3c:18:a0:41:c3:a0,100.21.156.247,6,109,224,True,0,8886,49221,69,20,0x0018,2680,,,,eth:ethertype:ip:tcp:tls
1641212114.435866000,60,0.360068000,0.360068000,d4:a6:51:76:06:64,192.168.137.44,6,40,255,False,0,49221,8886,0,20,0x0010,1540,,,,eth:ethertype:ip:tcp
1641212114.470491000,230,0.034625000,0.034625000,50:02:91:10:ac:d8,192.168.137.135,17,216,255,False,0,,,,,,,49154,6667,196,eth:ethertype:ip:udp:data
1641212114.648616000,230,0.150373000,0.178125000,50:02:91:b1:68:0c,192.168.137.161,17,216,255,False,0,,,,,,,49154,6667,196,eth:ethertype:ip:udp:data
1641212114.714738000,230,0.066122000,0.066122000,50:02:91:1a:ce:e1,192.168.137.218,17,216,255,False,0,,,,,,,49154,6667,196,eth:ethertype:ip:udp:data
1641212114.720955000,156,0.006217000,0.006217000,44:bb:3b:00:39:07,192.168.137.125,6,142,64,True,0,54098,443,90,32,0x0018,3233,,,,eth:ethertype:ip:tcp:tls
1641212114.769673000,66,0.048718000,0.048718000,3c:18:a0:41:c3:a0,34.123.64.154,6,52,60,True,0,443,54098,0,32,0x0010,728,,,,eth:ethertype:ip:tcp
1641212115.028084000,66,0.258411000,0.258411000,cc:f4:11:9c:d0:00,192.168.137.246,6,52,64,True,0,44920,5228,0,32,0x0010,723,,,,eth:ethertype:ip:tcp
1641212115.068248000,214,0.040164000,0.040164000,d4:a6:51:20:91:d1,192.168.137.165,17,200,255,False,0,,,,,,,49153,6667,180,eth:ethertype:ip:udp:data
1641212115.076046000,66,0.007798000,0.007798000,3c:18:a0:41:c3:a0,172.253.122.188,6,52,123,False,0,5228,44920,0,32,0x0010,265,,,,eth:ethertype:ip:tcp
1641212115.149325000,230,0.073279000,0.073279000,c4:dd:57:0c:39:94,192.168.137.211,17,216,255,False,0,,,,,,,49154,6667,196,eth:ethertype:ip:udp:data
1641212115.179742000,218,0.030417000,0.030417000,44:01:bb:ec:10:4a,192.168.137.66,17,204,64,True,0,,,,,,,50271,37010,184,eth:ethertype:ip:udp:data
1641212115.191267000,230,0.011525000,0.011525000,50:02:91:10:09:8f,192.168.137.147,17,216,255,False,0,,,,,,,49154,6667,196,eth:ethertype:ip:udp:data
1641212115.250457000,95,0.059190000,0.059190000,9c:8e:cd:1d:ab:9f,192.168.137.148,17,81,64,True,0,,,,,,,42384,8802,61,eth:ethertype:ip:udp:data
1641212115.279025000,98,0.028568000,0.028568000,3c:18:a0:41:c3:a0,54.205.158.199,17,84,39,True,0,,,,,,,8802,42384,64,eth:ethertype:ip:udp:data
1641212115.478906000,330,0.199881000,0.199881000,10:2c:6b:1b:43:be,192.168.137.176,17,316,64,True,0,,,,,,,60938,10001,296,eth:ethertype:ip:udp:data
1641212115.478906000,330,0.000000000,0.000000000,10:2c:6b:1b:43:be,192.168.137.176,17,316,64,True,0,,,,,,,60938,10001,296,eth:ethertype:ip:udp:data
1641212115.478906000,330,0.000000000,0.000000000,10:2c:6b:1b:43:be,192.168.137.176,17,316,64,True,0,,,,,,,60938,10001,296,eth:ethertype:ip:udp:data
1641212115.552856000,330,0.073950000,0.073950000,3c:18:a0:41:c3:a0,45.35.33.242,17,316,51,True,0,,,,,,,10001,60938,296,eth:ethertype:ip:udp:data
1641212115.582948000,214,0.030092000,0.030092000,68:57:2d:56:ac:47,192.168.137.200,17,200,255,False,0,,,,,,,49153,6667,180,eth:ethertype:ip:udp:data
1641212115.600340000,330,0.017392000,0.017392000,3c:18:a0:41:c3:a0,62.210.208.47,17,316,52,True,0,,,,,,,10001,60938,296,eth:ethertype:ip:udp:data
1641212115.688707000,74,0.088367000,0.088367000,e8:1b:69:f8:d6:e6,192.168.137.236,6,60,64,True,0,44961,21,0,40,0x0002,14600,,,,eth:ethertype:ip:tcp
1641212115.724564000,330,0.035857000,0.035857000,3c:18:a0:41:c3:a0,139.162.61.175,17,316,49,True,0,,,,,,,10001,60938,296,eth:ethertype:ip:udp:data
1641212115.745320000,156,0.020756000,0.020756000,44:bb:3b:00:39:07,192.168.137.125,6,142,64,True,0,54098,443,90,32,0x0018,3233,,,,eth:ethertype:ip:tcp:tls
1641212115.793987000,66,0.048667000,0.048667000,3c:18:a0:41:c3:a0,34.123.64.154,6,52,60,True,0,443,54098,0,32,0x0010,728,,,,eth:ethertype:ip:tcp
1641212115.877107000,123,0.083120000,0.083120000,d4:a6:51:21:6c:29,192.168.137.109,6,109,255,False,0,49384,8886,69,20,0x0018,1540,,,,eth:ethertype:ip:tcp:tls
1641212115.962092000,123,0.084985000,0.084985000,3c:18:a0:41:c3:a0,54.68.229.105,6,109,220,True,0,8886,49384,69,20,0x0018,2680,,,,eth:ethertype:ip:tcp:tls
1641212116.073713000,214,0.111621000,0.111621000,d4:a6:51:78:97:4e,192.168.137.204,17,200,255,False,0,,,,,,,49153,6667,180,eth:ethertype:ip:udp:data
1641212116.193423000,60,0.119710000,0.119710000,d4:a6:51:21:6c:29,192.168.137.109,6,40,255,False,0,49384,8886,0,20,0x0010,1471,,,,eth:ethertype:ip:tcp
1641212116.209981000,90,0.016558000,0.016558000,8c:85:80:6c:b6:47,192.168.137.184,17,76,64,True,0,,,,,,,19056,32100,56,eth:ethertype:ip:udp:data
1641212116.209981000,90,0.000000000,0.000000000,8c:85:80:6c:b6:47,192.168.137.184,17,76,64,True,0,,,,,,,19056,32100,56,eth:ethertype:ip:udp:data
1641212116.209981000,90,0.000000000,0.000000000,8c:85:80:6c:b6:47,192.168.137.184,17,76,64,True,0,,,,,,,19056,32100,56,eth:ethertype:ip:udp:data
1641212116.238532000,54,0.028551000,0.028551000,3c:18:a0:41:c3:a0,34.235.4.153,17,40,38,True,0,,,,,,,32100,19056,20,eth:ethertype:ip:udp:data
1641212116.253449000,54,0.014917000,0.014917000,3c:18:a0:41:c3:a0,18.223.127.200,17,40,48,True,0,,,,,,,32100,19056,20,eth:ethertype:ip:udp:data
1641212116.293886000,54,0.040437000,0.040437000,3c:18:a0:41:c3:a0,54.153.101.7,17,40,45,True,0,,,,,,,32100,19056,20,eth:ethertype:ip:udp:data
1641212116.518266000,230,0.224380000,0.224380000,b8:f0:09:03:29:79,192.168.137.58,17,216,255,False,0,,,,,,,49154,6667,196,eth:ethertype:ip:udp:data
1641212116.722032000,136,0.000000000,0.203766000,1c:12:b0:9b:0c:ec,192.168.137.179,17,122,1,True,0,,,,,,,50000,1900,102,eth:ethertype:ip:udp:ssdp
1641212116.722032000,143,0.000000000,0.000000000,1c:12:b0:9b:0c:ec,192.168.137.179,17,129,1,True,0,,,,,,,50000,1900,109,eth:ethertype:ip:udp:ssdp
1641212116.722785000,136,0.000753000,0.000753000,1c:12:b0:9b:0c:ec,192.168.137.179,17,122,1,True,0,,,,,,,50000,1900,102,eth:ethertype:ip:udp:ssdp
1641212116.723438000,143,0.000653000,0.000653000,1c:12:b0:9b:0c:ec,192.168.137.179,17,129,1,True,0,,,,,,,50000,1900,109,eth:ethertype:ip:udp:ssdp
1641212116.723438000,136,0.000000000,0.000000000,1c:12:b0:9b:0c:ec,192.168.137.179,17,122,1,True,0,,,,,,,50000,1900,102,eth:ethertype:ip:udp:ssdp
1641212116.723438000,143,0.000000000,0.000000000,1c:12:b0:9b:0c:ec,192.168.137.179,17,129,1,True,0,,,,,,,50000,1900,109,eth:ethertype:ip:udp:ssdp
1641212116.779729000,156,0.056291000,0.056291000,44:bb:3b:00:39:07,192.168.137.125,6,142,64,True,0,54098,443,90,32,0x0018,3233,,,,eth:ethertype:ip:tcp:tls
1641212116.828333000,66,0.048604000,0.048604000,3c:18:a0:41:c3:a0,34.123.64.154,6,52,60,True,0,443,54098,0,32,0x0010,728,,,,eth:ethertype:ip:tcp
1641212117.057867000,214,0.229534000,0.229534000,d4:a6:51:21:6c:29,192.168.137.109,17,200,255,False,0,,,,,,,49154,6667,180,eth:ethertype:ip:udp:data
1641212117.347409000,100,0.289542000,0.289542000,3c:18:a0:41:c3:a0,205.251.243.55,6,86,218,True,0,443,40256,46,20,0x0018,3060,,,,eth:ethertype:ip:tcp:tls
1641212117.378396000,100,0.030987000,0.030987000,08:7c:39:ce:6e:2a,192.168.137.45,6,86,64,True,0,40256,443,46,20,0x0018,2054,,,,eth:ethertype:ip:tcp:tls
1641212117.406810000,54,0.028414000,0.028414000,3c:18:a0:41:c3:a0,205.251.243.55,6,40,218,True,0,443,40256,0,20,0x0010,3060,,,,eth:ethertype:ip:tcp
1641212117.476241000,214,0.069431000,0.069431000,d4:a6:51:30:64:b7,192.168.137.202,17,200,255,False,0,,,,,,,55407,6667,180,eth:ethertype:ip:udp:data
1641212117.599352000,82,0.123111000,0.123111000,cc:f4:11:9c:d0:00,192.168.137.246,17,68,64,True,0,,,,,,,9487,9478,48,eth:ethertype:ip:udp:data
1641212117.602128000,60,0.002776000,0.002776000,10:2c:6b:1b:43:be,192.168.137.176,17,32,64,True,0,,,,,,,60938,10001,12,eth:ethertype:ip:udp:data
1641212117.602128000,60,0.000000000,0.000000000,10:2c:6b:1b:43:be,192.168.137.176,17,32,64,True,0,,,,,,,60938,10001,12,eth:ethertype:ip:udp:data
1641212117.602128000,60,0.000000000,0.000000000,10:2c:6b:1b:43:be,192.168.137.176,17,32,64,True,0,,,,,,,60938,10001,12,eth:ethertype:ip:udp:data
1641212117.636571000,54,0.034443000,0.034443000,3c:18:a0:41:c3:a0,40.68.210.131,6,40,48,True,0,25050,50001,0,20,0x0010,65535,,,,eth:ethertype:ip:tcp
1641212117.641094000,60,0.004523000,0.004523000,70:ee:50:6b:a8:1a,192.168.137.217,6,40,255,False,0,50001,25050,0,20,0x0010,2660,,,,eth:ethertype:ip:tcp
1641212117.803877000,156,0.162783000,0.162783000,44:bb:3b:00:39:07,192.168.137.125,6,142,64,True,0,54098,443,90,32,0x0018,3233,,,,eth:ethertype:ip:tcp:tls
1641212117.852612000,66,0.048735000,0.048735000,3c:18:a0:41:c3:a0,34.123.64.154,6,52,60,True,0,443,54098,0,32,0x0010,728,,,,eth:ethertype:ip:tcp
1641212118.186087000,284,0.102621000,0.333475000,44:bb:3b:00:39:07,192.168.137.125,6,270,64,True,0,54098,443,218,32,0x0018,3233,,,,eth:ethertype:ip:tcp:tls
1641212118.207740000,218,0.021653000,0.021653000,44:01:bb:ec:10:4a,192.168.137.66,17,204,1,True,0,,,,,,,37020,37000,184,eth:ethertype:ip:udp:data
1641212118.235022000,66,0.027282000,0.027282000,3c:18:a0:41:c3:a0,34.123.64.154,6,52,60,True,0,443,54098,0,32,0x0010,728,,,,eth:ethertype:ip:tcp
1641212118.263464000,230,0.028442000,0.028442000,24:a1:60:14:7f:f9,192.168.137.188,17,216,255,False,0,,,,,,,49154,6667,196,eth:ethertype:ip:udp:data
1641212118.402113000,361,0.012459000,0.138649000,cc:f4:11:9c:d0:00,192.168.137.246,6,347,64,True,0,38750,80,295,32,0x0018,457,,,,eth:ethertype:ip:tcp:http
1641212118.427653000,149,0.025540000,0.025540000,3c:18:a0:41:c3:a0,142.251.32.67,6,135,123,False,0,80,38750,83,32,0x0018,713,,,,eth:ethertype:ip:tcp:http
1641212118.436792000,66,0.009139000,0.009139000,cc:f4:11:9c:d0:00,192.168.137.246,6,52,64,True,0,38750,80,0,32,0x0010,457,,,,eth:ethertype:ip:tcp
1641212118.515367000,60,0.002777000,0.078575000,00:17:88:60:d6:4f,192.168.137.33,2,40,1,True,48,,,,,,,,,,eth:ethertype:ip:igmp:igmp
1641212118.638181000,66,0.122814000,0.122814000,3c:18:a0:41:c3:a0,100.20.126.204,6,52,220,True,0,443,52596,0,32,0x0010,55,,,,eth:ethertype:ip:tcp
1641212118.642171000,66,0.002570000,0.003990000,40:5d:82:35:14:c8,192.168.137.54,6,52,64,True,0,52596,443,0,32,0x0010,1225,,,,eth:ethertype:ip:tcp
1641212118.645369000,60,0.003198000,0.003198000,00:17:88:60:d6:4f,192.168.137.33,2,40,1,True,48,,,,,,,,,,eth:ethertype:ip:igmp:igmp
1641212118.712915000,60,0.063212000,0.067546000,24:05:88:30:6f:89,192.168.137.137,1,28,64,True,0,,,,,,,,,,eth:ethertype:ip:icmp
1641212118.827008000,230,0.114093000,0.114093000,b8:f0:09:03:9a:af,192.168.137.102,17,216,255,False,0,,,,,,,49155,6667,196,eth:ethertype:ip:udp:data
1641212118.837603000,156,0.010595000,0.010595000,44:bb:3b:00:39:07,192.168.137.125,6,142,64,True,0,54098,443,90,32,0x0018,3233,,,,eth:ethertype:ip:tcp:tls
1641212118.886317000,66,0.048714000,0.048714000,3c:18:a0:41:c3:a0,34.123.64.154,6,52,60,True,0,443,54098,0,32,0x0010,728,,,,eth:ethertype:ip:tcp
1641212118.957994000,78,0.071677000,0.071677000,34:75:63:73:f3:36,192.168.137.136,17,64,64,True,0,,,,,,,37413,53,44,eth:ethertype:ip:udp:dns
1641212118.960310000,94,0.002316000,0.002316000,3c:18:a0:41:c3:a0,192.168.137.1,17,80,128,False,0,,,,,,,53,37413,60,eth:ethertype:ip:udp:dns
1641212118.962083000,77,0.001773000,0.001773000,34:75:63:73:f3:36,192.168.137.136,17,63,64,True,0,,,,,,,45014,53,43,eth:ethertype:ip:udp:dns
1641212118.964109000,93,0.002026000,0.002026000,3c:18:a0:41:c3:a0,192.168.137.1,17,79,128,False,0,,,,,,,53,45014,59,eth:ethertype:ip:udp:dns
1641212118.965702000,60,0.001593000,0.001593000,34:75:63:73:f3:36,192.168.137.136,17,32,64,True,0,,,,,,,21277,32100,12,eth:ethertype:ip:udp:data
1641212118.965702000,60,0.000000000,0.000000000,34:75:63:73:f3:36,192.168.137.136,17,32,64,True,0,,,,,,,21277,32100,12,eth:ethertype:ip:udp:data
1641212118.965702000,60,0.000000000,0.000000000,34:75:63:73:f3:36,192.168.137.136,17,32,64,True,0,,,,,,,21277,32100,12,eth:ethertype:ip:udp:data
1641212119.004987000,62,0.039285000,0.039285000,3c:18:a0:41:c3:a0,3.221.182.58,17,48,37,True,0,,,,,,,32100,21277,28,eth:ethertype:ip:udp:data
1641212119.212832000,62,0.207845000,0.207845000,3c:18:a0:41:c3:a0,47.112.162.49,17,48,40,True,0,,,,,,,32100,21277,28,eth:ethertype:ip:udp:data
1641212119.469909000,230,0.257077000,0.257077000,50:02:91:10:ac:d8,192.168.137.135,17,216,255,False,0,,,,,,,49154,6667,196,eth:ethertype:ip:udp:data
1641212119.499477000,214,0.029568000,0.029568000,d4:a6:51:76:06:64,192.168.137.44,17,200,255,False,0,,,,,,,49153,6667,180,eth:ethertype:ip:udp:data
1641212119.647907000,230,0.148430000,0.148430000,50:02:91:b1:68:0c,192.168.137.161,17,216,255,False,0,,,,,,,49154,6667,196,eth:ethertype:ip:udp:data
1641212119.721530000,230,0.073623000,0.073623000,50:02:91:1a:ce:e1,192.168.137.218,17,216,255,False,0,,,,,,,49154,6667,196,eth:ethertype:ip:udp:data
1641212119.864060000,156,0.142530000,0.142530000,44:bb:3b:00:39:07,192.168.137.125,6,142,64,True,0,54098,443,90,32,0x0018,3233,,,,eth:ethertype:ip:tcp:tls
1641212119.912767000,66,0.048707000,0.048707000,3c:18:a0:41:c3:a0,34.123.64.154,6,52,60,True,0,443,54098,0,32,0x0010,728,,,,eth:ethertype:ip:tcp
1641212120.149270000,230,0.236503000,0.236503000,c4:dd:57:0c:39:94,192.168.137.211,17,216,255,False,0,,,,,,,49154,6667,196,eth:ethertype:ip:udp:data
1641212120.191974000,230,0.027557000,0.042704000,50:02:91:10:09:8f,192.168.137.147,17,216,255,False,0,,,,,,,49154,6667,196,eth:ethertype:ip:udp:data
1641212120.319492000,156,0.127518000,0.127518000,44:bb:3b:00:39:07,192.168.137.125,6,142,64,True,0,54098,443,90,32,0x0018,3233,,,,eth:ethertype:ip:tcp:tls
1641212120.368219000,66,0.048727000,0.048727000,3c:18:a0:41:c3:a0,34.123.64.154,6,52,60,True,0,443,54098,0,32,0x0010,728,,,,eth:ethertype:ip:tcp
1641212120.409538000,214,0.041319000,0.041319000,d4:a6:51:20:91:d1,192.168.137.165,17,200,255,False,0,,,,,,,49153,6667,180,eth:ethertype:ip:udp:data
1641212120.438778000,156,0.029240000,0.029240000,44:bb:3b:00:39:07,192.168.137.125,6,142,64,True,0,54098,443,90,32,0x0018,3233,,,,eth:ethertype:ip:tcp:tls
1641212120.487421000,66,0.048643000,0.048643000,3c:18:a0:41:c3:a0,34.123.64.154,6,52,60,True,0,443,54098,0,32,0x0010,728,,,,eth:ethertype:ip:tcp
1641212120.549457000,156,0.062036000,0.062036000,44:bb:3b:00:39:07,192.168.137.125,6,142,64,True,0,54098,443,90,32,0x0018,3233,,,,eth:ethertype:ip:tcp:tls
1641212120.583919000,214,0.034462000,0.034462000,68:57:2d:56:ac:47,192.168.137.200,17,200,255,False,0,,,,,,,49153,6667,180,eth:ethertype:ip:udp:data
1641212120.598100000,66,0.014181000,0.014181000,3c:18:a0:41:c3:a0,34.123.64.154,6,52,60,True,0,443,54098,0,32,0x0010,728,,,,eth:ethertype:ip:tcp
1641212120.898194000,156,0.300094000,0.300094000,44:bb:3b:00:39:07,192.168.137.125,6,142,64,True,0,54098,443,90,32,0x0018,3233,,,,eth:ethertype:ip:tcp:tls
1641212120.946874000,66,0.048680000,0.048680000,3c:18:a0:41:c3:a0,34.123.64.154,6,52,60,True,0,443,54098,0,32,0x0010,728,,,,eth:ethertype:ip:tcp
1641212121.229196000,218,0.015403000,0.282322000,44:01:bb:ec:10:4a,192.168.137.66,17,204,64,True,0,,,,,,,50271,37010,184,eth:ethertype:ip:udp:data
1641212121.274499000,101,0.045303000,0.045303000,cc:f4:11:9c:d0:00,192.168.137.246,17,87,255,True,0,,,,,,,5353,5353,67,eth:ethertype:ip:udp:mdns
1641212121.274499000,73,0.000000000,0.000000000,cc:f4:11:9c:d0:00,192.168.137.246,17,59,255,True,0,,,,,,,5353,5353,39,eth:ethertype:ip:udp:mdns
1641212121.276037000,139,0.001538000,0.001538000,3c:37:86:6f:b9:51,192.168.137.138,17,125,255,True,0,,,,,,,5353,5353,105,eth:ethertype:ip:udp:mdns
1641212121.360147000,156,0.084110000,0.084110000,44:bb:3b:00:39:07,192.168.137.125,6,142,64,True,0,54098,443,90,32,0x0018,3233,,,,eth:ethertype:ip:tcp:tls
1641212121.408979000,66,0.048832000,0.048832000,3c:18:a0:41:c3:a0,34.123.64.154,6,52,60,True,0,443,54098,0,32,0x0010,728,,,,eth:ethertype:ip:tcp
1641212121.461962000,156,0.042012000,0.052983000,44:bb:3b:00:39:07,192.168.137.125,6,142,64,True,0,54098,443,90,32,0x0018,3233,,,,eth:ethertype:ip:tcp:tls
1641212121.468457000,85,0.000501000,0.006495000,b8:5f:98:d0:76:e6,192.168.137.13,6,71,255,False,0,61379,443,31,20,0x0018,11621,,,,eth:ethertype:ip:tcp:tls
1641212121.498353000,85,0.029896000,0.029896000,3c:18:a0:41:c3:a0,54.175.192.208,6,71,229,True,0,443,61379,31,20,0x0018,170,,,,eth:ethertype:ip:tcp:tls
1641212121.510684000,66,0.012331000,0.012331000,3c:18:a0:41:c3:a0,34.123.64.154,6,52,60,True,0,443,54098,0,32,0x0010,728,,,,eth:ethertype:ip:tcp
1641212121.517936000,230,0.007252000,0.007252000,b8:f0:09:03:29:79,192.168.137.58,17,216,255,False,0,,,,,,,49154,6667,196,eth:ethertype:ip:udp:data
1641212121.642638000,214,0.124702000,0.124702000,d4:a6:51:78:97:4e,192.168.137.204,17,200,255,False,0,,,,,,,49153,6667,180,eth:ethertype:ip:udp:data
1641212121.805634000,156,0.162996000,0.162996000,44:bb:3b:00:39:07,192.168.137.125,6,142,64,True,0,54098,443,90,32,0x0018,3233,,,,eth:ethertype:ip:tcp:tls
1641212121.854384000,66,0.048750000,0.048750000,3c:18:a0:41:c3:a0,34.123.64.154,6,52,60,True,0,443,54098,0,32,0x0010,728,,,,eth:ethertype:ip:tcp
1641212121.919473000,156,0.065089000,0.065089000,44:bb:3b:00:39:07,192.168.137.125,6,142,64,True,0,54098,443,90,32,0x0018,3233,,,,eth:ethertype:ip:tcp:tls
1641212121.968247000,66,0.043997000,0.048774000,3c:18:a0:41:c3:a0,34.123.64.154,6,52,60,True,0,443,54098,0,32,0x0010,728,,,,eth:ethertype:ip:tcp
1641212121.973096000,60,0.004849000,0.004849000,b8:5f:98:d0:76:e6,192.168.137.13,6,40,255,False,0,61379,443,0,20,0x0010,11606,,,,eth:ethertype:ip:tcp
1641212122.484964000,214,0.110114000,0.511868000,d4:a6:51:30:64:b7,192.168.137.202,17,200,255,False,0,,,,,,,55407,6667,180,eth:ethertype:ip:udp:data
1641212122.489080000,214,0.004116000,0.004116000,d4:a6:51:21:6c:29,192.168.137.109,17,200,255,False,0,,,,,,,49154,6667,180,eth:ethertype:ip:udp:data
1641212122.605625000,71,0.010516000,0.116545000,cc:f4:11:9c:d0:00,192.168.137.246,17,57,64,True,0,,,,,,,9999,9999,37,eth:ethertype:ip:udp:tplink-smarthome:json
1641212122.615205000,60,0.009580000,0.009580000,10:2c:6b:1b:43:be,192.168.137.176,17,32,64,True,0,,,,,,,60938,10001,12,eth:ethertype:ip:udp:data
1641212122.615205000,60,0.000000000,0.000000000,10:2c:6b:1b:43:be,192.168.137.176,17,32,64,True,0,,,,,,,60938,10001,12,eth:ethertype:ip:udp:data
1641212122.616363000,60,0.001158000,0.001158000,10:2c:6b:1b:43:be,192.168.137.176,17,32,64,True,0,,,,,,,60938,10001,12,eth:ethertype:ip:udp:data
1641212122.838185000,156,0.221822000,0.221822000,44:bb:3b:00:39:07,192.168.137.125,6,142,64,True,0,54098,443,90,32,0x0018,3233,,,,eth:ethertype:ip:tcp:tls
1641212122.886856000,66,0.048671000,0.048671000,3c:18:a0:41:c3:a0,34.123.64.154,6,52,60,True,0,443,54098,0,32,0x0010,728,,,,eth:ethertype:ip:tcp
1641212122.905290000,99,0.018434000,0.018434000,1c:fe:2b:98:16:dd,192.168.137.28,6,85,64,True,0,54541,443,33,32,0x0018,1456,,,,eth:ethertype:ip:tcp:tls
1641212122.934537000,97,0.029247000,0.029247000,3c:18:a0:41:c3:a0,52.7.76.25,6,83,230,True,0,443,54541,31,32,0x0018,122,,,,eth:ethertype:ip:tcp:tls
1641212122.944868000,66,0.010331000,0.010331000,1c:fe:2b:98:16:dd,192.168.137.28,6,52,64,True,0,54541,443,0,32,0x0010,1456,,,,eth:ethertype:ip:tcp
1641212122.946303000,156,0.001435000,0.001435000,44:bb:3b:00:39:07,192.168.137.125,6,142,64,True,0,54098,443,90,32,0x0018,3233,,,,eth:ethertype:ip:tcp:tls
1641212122.994905000,66,0.048602000,0.048602000,3c:18:a0:41:c3:a0,34.123.64.154,6,52,60,True,0,443,54098,0,32,0x0010,728,,,,eth:ethertype:ip:tcp
1641212123.078600000,60,0.083695000,0.083695000,70:ee:50:68:0e:32,192.168.137.178,17,29,3,True,0,,,,,,,59416,4500,9,eth:ethertype:ip:udp:udpencap
1641212123.081509000,110,0.002909000,0.002909000,3c:18:a0:41:c3:a0,205.174.165.65,1,96,253,False,0,,,,,,,59416,4500,9,eth:ethertype:ip:icmp:ip:udp:udpencap
1641212123.243450000,105,0.161941000,0.161941000,3c:18:a0:41:c3:a0,47.254.90.186,6,91,48,True,0,50920,36967,39,32,0x0018,114,,,,eth:ethertype:ip:tcp:tls
1641212123.263451000,230,0.020001000,0.020001000,24:a1:60:14:7f:f9,192.168.137.188,17,216,255,False,0,,,,,,,49154,6667,196,eth:ethertype:ip:udp:data
1641212123.307533000,105,0.044082000,0.044082000,44:01:bb:ec:10:4a,192.168.137.66,6,91,64,True,0,36967,50920,39,32,0x0018,2811,,,,eth:ethertype:ip:tcp:tls
1641212123.349094000,66,0.041561000,0.041561000,44:01:bb:ec:10:4a,192.168.137.66,6,52,64,True,0,36967,50920,0,32,0x0010,2811,,,,eth:ethertype:ip:tcp
1641212123.395372000,66,0.046278000,0.046278000,3c:18:a0:41:c3:a0,47.254.90.186,6,52,48,True,0,50920,36967,0,32,0x0010,114,,,,eth:ethertype:ip:tcp
1641212123.395428000,105,0.000056000,0.000056000,3c:18:a0:41:c3:a0,47.254.90.186,6,91,48,True,0,50920,36967,39,32,0x0018,114,,,,eth:ethertype:ip:tcp:tls
1641212123.696603000,74,0.051076000,0.301175000,e8:1b:69:f8:d6:e6,192.168.137.236,6,60,64,True,0,44961,21,0,40,0x0002,14600,,,,eth:ethertype:ip:tcp
1641212123.718785000,75,0.022182000,0.022182000,24:05:88:30:6f:89,192.168.137.137,17,61,64,True,0,,,,,,,60474,53,41,eth:ethertype:ip:udp:dns
1641212123.747308000,189,0.028523000,0.028523000,3c:18:a0:41:c3:a0,192.168.137.1,17,175,128,False,0,,,,,,,53,60474,155,eth:ethertype:ip:udp:dns
1641212123.825249000,230,0.077941000,0.077941000,b8:f0:09:03:9a:af,192.168.137.102,17,216,255,False,0,,,,,,,49155,6667,196,eth:ethertype:ip:udp:data
1641212123.981139000,156,0.155890000,0.155890000,44:bb:3b:00:39:07,192.168.137.125,6,142,64,True,0,54098,443,90,32,0x0018,3233,,,,eth:ethertype:ip:tcp:tls
1641212124.029907000,66,0.048768000,0.048768000,3c:18:a0:41:c3:a0,34.123.64.154,6,52,60,True,0,443,54098,0,32,0x0010,728,,,,eth:ethertype:ip:tcp
1641212124.034182000,342,0.004275000,0.004275000,c0:e7:bf:0a:79:d1,0.0.0.0,17,328,64,False,0,,,,,,,68,67,308,eth:ethertype:ip:udp:dhcp
1641212124.041540000,348,0.007358000,0.007358000,3c:18:a0:41:c3:a0,192.168.137.1,17,334,128,False,0,,,,,,,67,68,314,eth:ethertype:ip:udp:dhcp
1641212124.063626000,342,0.022086000,0.022086000,c0:e7:bf:0a:79:d1,0.0.0.0,17,328,64,False,0,,,,,,,68,67,308,eth:ethertype:ip:udp:dhcp
1641212124.070116000,348,0.006490000,0.006490000,3c:18:a0:41:c3:a0,192.168.137.1,17,334,128,False,0,,,,,,,67,68,314,eth:ethertype:ip:udp:dhcp
1641212124.099346000,60,0.029230000,0.029230000,34:75:63:73:f3:36,192.168.137.136,17,32,64,True,0,,,,,,,22327,32100,12,eth:ethertype:ip:udp:data
1641212124.099346000,60,0.000000000,0.000000000,34:75:63:73:f3:36,192.168.137.136,17,32,64,True,0,,,,,,,22327,32100,12,eth:ethertype:ip:udp:data
1641212124.099346000,60,0.000000000,0.000000000,34:75:63:73:f3:36,192.168.137.136,17,32,64,True,0,,,,,,,22327,32100,12,eth:ethertype:ip:udp:data
1641212124.099346000,90,0.000000000,0.000000000,34:75:63:73:f3:36,192.168.137.136,17,76,64,True,0,,,,,,,22327,32100,56,eth:ethertype:ip:udp:data
1641212124.099346000,90,0.000000000,0.000000000,34:75:63:73:f3:36,192.168.137.136,17,76,64,True,0,,,,,,,22327,32100,56,eth:ethertype:ip:udp:data
1641212124.099346000,90,0.000000000,0.000000000,34:75:63:73:f3:36,192.168.137.136,17,76,64,True,0,,,,,,,22327,32100,56,eth:ethertype:ip:udp:data
1641212124.129003000,62,0.029657000,0.029657000,3c:18:a0:41:c3:a0,3.221.182.58,17,48,37,True,0,,,,,,,32100,22327,28,eth:ethertype:ip:udp:data
1641212124.147777000,54,0.018774000,0.018774000,3c:18:a0:41:c3:a0,3.221.182.58,17,40,38,True,0,,,,,,,32100,22327,20,eth:ethertype:ip:udp:data
1641212124.166418000,66,0.018641000,0.018641000,3c:18:a0:41:c3:a0,172.217.165.10,6,52,59,False,0,443,57421,0,32,0x0011,327,,,,eth:ethertype:ip:tcp
1641212124.198931000,66,0.032513000,0.032513000,24:05:88:30:6f:89,192.168.137.137,6,52,64,True,0,57421,443,0,32,0x0010,682,,,,eth:ethertype:ip:tcp
1641212124.344640000,62,0.145709000,0.145709000,3c:18:a0:41:c3:a0,47.112.162.49,17,48,40,True,0,,,,,,,32100,22327,28,eth:ethertype:ip:udp:data
1641212124.344696000,54,0.000056000,0.000056000,3c:18:a0:41:c3:a0,47.112.162.49,17,40,41,True,0,,,,,,,32100,22327,20,eth:ethertype:ip:udp:data
1641212124.413423000,62,0.068727000,0.068727000,3c:18:a0:41:c3:a0,18.182.200.45,17,48,36,True,0,,,,,,,32100,22327,28,eth:ethertype:ip:udp:data
1641212124.431933000,54,0.018510000,0.018510000,3c:18:a0:41:c3:a0,18.182.200.45,17,40,36,True,0,,,,,,,32100,22327,20,eth:ethertype:ip:udp:data
1641212124.470553000,230,0.038620000,0.038620000,50:02:91:10:ac:d8,192.168.137.135,17,216,255,False,0,,,,,,,49154,6667,196,eth:ethertype:ip:udp:data
1641212124.513738000,106,0.003871000,0.043185000,c0:e7:bf:0a:79:d1,192.168.137.55,17,92,64,True,0,,,,,,,45452,7788,72,eth:ethertype:ip:udp:data
1641212124.651938000,230,0.138200000,0.138200000,50:02:91:b1:68:0c,192.168.137.161,17,216,255,False,0,,,,,,,49154,6667,196,eth:ethertype:ip:udp:data
1641212124.687889000,58,0.035951000,0.035951000,3c:18:a0:41:c3:a0,47.88.48.255,17,44,111,False,0,,,,,,,7788,45452,24,eth:ethertype:ip:udp:data
1641212124.714848000,230,0.026959000,0.026959000,50:02:91:1a:ce:e1,192.168.137.218,17,216,255,False,0,,,,,,,49154,6667,196,eth:ethertype:ip:udp:data
1641212124.797747000,214,0.082899000,0.082899000,d4:a6:51:76:06:64,192.168.137.44,17,200,255,False,0,,,,,,,49153,6667,180,eth:ethertype:ip:udp:data
1641212124.941338000,79,0.143591000,0.143591000,c0:e7:bf:0a:79:d1,192.168.137.55,17,65,64,True,0,,,,,,,33636,53,45,eth:ethertype:ip:udp:dns
1641212124.943667000,95,0.002329000,0.002329000,3c:18:a0:41:c3:a0,192.168.137.1,17,81,128,False,0,,,,,,,53,33636,61,eth:ethertype:ip:udp:dns
1641212124.949854000,74,0.006187000,0.006187000,c0:e7:bf:0a:79:d1,192.168.137.55,6,60,64,True,0,55751,80,0,40,0x0002,14600,,,,eth:ethertype:ip:tcp
1641212124.991182000,99,0.041328000,0.041328000,a0:d0:dc:c4:08:ff,192.168.137.133,6,85,64,True,0,54111,443,33,32,0x0018,1456,,,,eth:ethertype:ip:tcp:tls
1641212124.995924000,156,0.004742000,0.004742000,44:bb:3b:00:39:07,192.168.137.125,6,142,64,True,0,54098,443,90,32,0x0018,3233,,,,eth:ethertype:ip:tcp:tls
1641212125.021028000,97,0.025104000,0.025104000,3c:18:a0:41:c3:a0,44.195.224.114,6,83,230,True,0,443,54111,31,32,0x0018,122,,,,eth:ethertype:ip:tcp:tls
1641212125.044626000,66,0.023598000,0.023598000,3c:18:a0:41:c3:a0,34.123.64.154,6,52,60,True,0,443,54098,0,32,0x0010,728,,,,eth:ethertype:ip:tcp
1641212125.089687000,66,0.021998000,0.045061000,a0:d0:dc:c4:08:ff,192.168.137.133,6,52,64,True,0,54111,443,0,32,0x0010,1456,,,,eth:ethertype:ip:tcp
1641212125.152476000,230,0.062789000,0.062789000,c4:dd:57:0c:39:94,192.168.137.211,17,216,255,False,0,,,,,,,49154,6667,196,eth:ethertype:ip:udp:data
1641212125.191014000,230,0.038538000,0.038538000,50:02:91:10:09:8f,192.168.137.147,17,216,255,False,0,,,,,,,49154,6667,196,eth:ethertype:ip:udp:data
1641212125.197407000,90,0.006393000,0.006393000,34:75:63:73:f3:36,192.168.137.136,17,76,64,True,0,,,,,,,22327,32100,56,eth:ethertype:ip:udp:data
1641212125.197407000,90,0.000000000,0.000000000,34:75:63:73:f3:36,192.168.137.136,17,76,64,True,0,,,,,,,22327,32100,56,eth:ethertype:ip:udp:data
1641212125.197407000,90,0.000000000,0.000000000,34:75:63:73:f3:36,192.168.137.136,17,76,64,True,0,,,,,,,22327,32100,56,eth:ethertype:ip:udp:data
1641212125.226049000,54,0.028642000,0.028642000,3c:18:a0:41:c3:a0,3.221.182.58,17,40,38,True,0,,,,,,,32100,22327,20,eth:ethertype:ip:udp:data
1641212125.295061000,105,0.069012000,0.069012000,3c:18:a0:41:c3:a0,47.254.90.186,6,91,48,True,0,50920,36967,39,32,0x0018,114,,,,eth:ethertype:ip:tcp
1641212125.425305000,66,0.130244000,0.130244000,3c:18:a0:41:c3:a0,52.10.15.125,6,52,220,True,0,443,33980,0,32,0x0010,219,,,,eth:ethertype:ip:tcp
1641212125.426245000,66,0.000940000,0.000940000,3c:37:86:6f:b9:51,192.168.137.138,6,52,64,True,0,33980,443,0,32,0x0010,621,,,,eth:ethertype:ip:tcp
1641212125.442047000,54,0.015802000,0.015802000,3c:18:a0:41:c3:a0,47.112.162.49,17,40,41,True,0,,,,,,,32100,22327,20,eth:ethertype:ip:udp:data
1641212125.491324000,54,0.049277000,0.049277000,3c:18:a0:41:c3:a0,18.182.200.45,17,40,37,True,0,,,,,,,32100,22327,20,eth:ethertype:ip:udp:data
1641212125.589862000,214,0.098538000,0.098538000,68:57:2d:56:ac:47,192.168.137.200,17,200,255,False,0,,,,,,,49153,6667,180,eth:ethertype:ip:udp:data
1641212125.727488000,218,0.137626000,0.137626000,44:01:bb:ec:10:4a,192.168.137.66,17,204,1,True,0,,,,,,,37020,37000,184,eth:ethertype:ip:udp:data
1641212125.735320000,105,0.007832000,0.007832000,44:01:bb:ec:10:4a,192.168.137.66,6,91,64,True,0,36967,50920,39,32,0x0018,2811,,,,eth:ethertype:ip:tcp:tls
1641212125.738376000,66,0.003056000,0.003056000,44:01:bb:ec:10:4a,192.168.137.66,6,52,64,True,0,36967,50920,0,32,0x0010,2811,,,,eth:ethertype:ip:tcp
1641212125.741995000,78,0.003619000,0.003619000,44:01:bb:ec:10:4a,192.168.137.66,6,64,64,True,0,36967,50920,0,44,0x0010,2811,,,,eth:ethertype:ip:tcp
1641212125.764912000,214,0.022917000,0.022917000,d4:a6:51:20:91:d1,192.168.137.165,17,200,255,False,0,,,,,,,49153,6667,180,eth:ethertype:ip:udp:data
1641212125.863051000,66,0.098139000,0.098139000,3c:18:a0:41:c3:a0,47.254.90.186,6,52,48,True,0,50920,36967,0,32,0x0010,114,,,,eth:ethertype:ip:tcp
1641212125.947480000,74,0.084429000,0.084429000,c0:e7:bf:0a:79:d1,192.168.137.55,6,60,64,True,0,55751,80,0,40,0x0002,14600,,,,eth:ethertype:ip:tcp
1641212125.950998000,66,0.003518000,0.003518000,3c:18:a0:41:c3:a0,172.217.165.10,6,52,59,False,0,443,57420,0,32,0x0011,925,,,,eth:ethertype:ip:tcp
1641212125.988854000,66,0.037856000,0.037856000,24:05:88:30:6f:89,192.168.137.137,6,52,64,True,0,57420,443,0,32,0x0010,1136,,,,eth:ethertype:ip:tcp
1641212126.015277000,60,0.026423000,0.026423000,00:17:88:60:d6:4f,192.168.137.33,6,40,64,True,0,49532,443,0,20,0x0010,4338,,,,eth:ethertype:ip:tcp
1641212126.019117000,156,0.003840000,0.003840000,44:bb:3b:00:39:07,192.168.137.125,6,142,64,True,0,54098,443,90,32,0x0018,3233,,,,eth:ethertype:ip:tcp:tls
1641212126.040634000,54,0.021517000,0.021517000,3c:18:a0:41:c3:a0,34.117.13.189,6,40,123,False,0,443,49532,0,20,0x0010,272,,,,eth:ethertype:ip:tcp
1641212126.067732000,66,0.027098000,0.027098000,3c:18:a0:41:c3:a0,34.123.64.154,6,52,60,True,0,443,54098,0,32,0x0010,728,,,,eth:ethertype:ip:tcp
1641212126.129142000,100,0.061410000,0.061410000,3c:18:a0:41:c3:a0,52.119.197.96,6,86,223,True,0,443,35128,46,20,0x0018,2500,,,,eth:ethertype:ip:tcp:tls
1641212126.131680000,100,0.002538000,0.002538000,1c:12:b0:9b:0c:ec,192.168.137.179,6,86,64,True,0,35128,443,46,20,0x0018,3377,,,,eth:ethertype:ip:tcp:tls
1641212126.160406000,54,0.028726000,0.028726000,3c:18:a0:41:c3:a0,52.119.197.96,6,40,223,True,0,443,35128,0,20,0x0010,2500,,,,eth:ethertype:ip:tcp
1641212126.517889000,230,0.357483000,0.357483000,b8:f0:09:03:29:79,192.168.137.58,17,216,255,False,0,,,,,,,49154,6667,196,eth:ethertype:ip:udp:data
1641212126.704582000,126,0.186693000,0.186693000,c0:e7:bf:0a:79:d1,192.168.137.55,17,112,64,True,0,,,,,,,59373,8877,92,eth:ethertype:ip:udp:data
1641212126.793412000,58,0.072918000,0.088830000,3c:18:a0:41:c3:a0,47.88.48.255,17,44,111,False,0,,,,,,,8877,59373,24,eth:ethertype:ip:udp:data
1641212127.043454000,156,0.250042000,0.250042000,44:bb:3b:00:39:07,192.168.137.125,6,142,64,True,0,54098,443,90,32,0x0018,3233,,,,eth:ethertype:ip:tcp:tls
1641212127.092121000,66,0.048667000,0.048667000,3c:18:a0:41:c3:a0,34.123.64.154,6,52,60,True,0,443,54098,0,32,0x0010,728,,,,eth:ethertype:ip:tcp
1641212127.181754000,214,0.089633000,0.089633000,d4:a6:51:78:97:4e,192.168.137.204,17,200,255,False,0,,,,,,,49153,6667,180,eth:ethertype:ip:udp:data
1641212127.299801000,98,0.118047000,0.118047000,c0:e7:bf:0a:79:d1,192.168.137.55,1,84,64,True,0,,,,,,,,,,eth:ethertype:ip:icmp:data
1641212127.368576000,75,0.068775000,0.068775000,c0:e7:bf:0a:79:d1,192.168.137.55,17,61,64,True,0,,,,,,,53240,53,41,eth:ethertype:ip:udp:dns
1641212127.371046000,200,0.002470000,0.002470000,3c:18:a0:41:c3:a0,192.168.137.1,17,186,128,False,0,,,,,,,53,53240,166,eth:ethertype:ip:udp:dns
1641212127.374720000,90,0.003674000,0.003674000,c0:e7:bf:0a:79:d1,192.168.137.55,17,76,64,True,0,,,,,,,41525,123,56,eth:ethertype:ip:udp:ntp
1641212127.387222000,90,0.012502000,0.012502000,34:75:63:73:f3:36,192.168.137.136,17,76,64,True,0,,,,,,,22327,32100,56,eth:ethertype:ip:udp:data
1641212127.387222000,90,0.000000000,0.000000000,34:75:63:73:f3:36,192.168.137.136,17,76,64,True,0,,,,,,,22327,32100,56,eth:ethertype:ip:udp:data
1641212127.387222000,90,0.000000000,0.000000000,34:75:63:73:f3:36,192.168.137.136,17,76,64,True,0,,,,,,,22327,32100,56,eth:ethertype:ip:udp:data
1641212127.408996000,90,0.021774000,0.021774000,3c:18:a0:41:c3:a0,192.48.105.15,17,76,53,True,48,,,,,,,123,41525,56,eth:ethertype:ip:udp:ntp
1641212127.415788000,54,0.006792000,0.006792000,3c:18:a0:41:c3:a0,3.221.182.58,17,40,38,True,0,,,,,,,32100,22327,20,eth:ethertype:ip:udp:data
1641212127.480233000,214,0.064445000,0.064445000,d4:a6:51:30:64:b7,192.168.137.202,17,200,255,False,0,,,,,,,55407,6667,180,eth:ethertype:ip:udp:data
1641212127.624146000,60,0.143913000,0.143913000,10:2c:6b:1b:43:be,192.168.137.176,17,32,64,True,0,,,,,,,60938,10001,12,eth:ethertype:ip:udp:data
1641212127.624146000,60,0.000000000,0.000000000,10:2c:6b:1b:43:be,192.168.137.176,17,32,64,True,0,,,,,,,60938,10001,12,eth:ethertype:ip:udp:data
1641212127.625311000,60,0.001165000,0.001165000,10:2c:6b:1b:43:be,192.168.137.176,17,32,64,True,0,,,,,,,60938,10001,12,eth:ethertype:ip:udp:data
1641212127.629158000,93,0.003847000,0.003847000,24:05:88:30:6f:89,192.168.137.137,6,79,64,True,0,57345,5228,27,32,0x0018,1214,,,,eth:ethertype:ip:tcp:tls
1641212127.631909000,54,0.002751000,0.002751000,3c:18:a0:41:c3:a0,47.112.162.49,17,40,41,True,0,,,,,,,32100,22327,20,eth:ethertype:ip:udp:data
1641212127.676905000,66,0.044996000,0.044996000,3c:18:a0:41:c3:a0,172.253.62.188,6,52,123,False,0,5228,57345,0,32,0x0010,269,,,,eth:ethertype:ip:tcp
1641212127.681202000,54,0.004297000,0.004297000,3c:18:a0:41:c3:a0,18.182.200.45,17,40,37,True,0,,,,,,,32100,22327,20,eth:ethertype:ip:udp:data
1641212127.691127000,94,0.009925000,0.009925000,3c:18:a0:41:c3:a0,172.253.62.188,6,80,123,False,0,5228,57345,28,32,0x0018,269,,,,eth:ethertype:ip:tcp:tls
1641212127.692568000,103,0.001441000,0.001441000,24:05:88:30:6f:89,192.168.137.137,6,89,64,True,0,57345,5228,37,32,0x0018,1214,,,,eth:ethertype:ip:tcp:tls
1641212127.745045000,66,0.052477000,0.052477000,3c:18:a0:41:c3:a0,172.253.62.188,6,52,123,False,0,5228,57345,0,32,0x0010,269,,,,eth:ethertype:ip:tcp
1641212127.847457000,214,0.102412000,0.102412000,d4:a6:51:21:6c:29,192.168.137.109,17,200,255,False,0,,,,,,,49154,6667,180,eth:ethertype:ip:udp:data
1641212127.947355000,74,0.099898000,0.099898000,c0:e7:bf:0a:79:d1,192.168.137.55,6,60,64,True,0,55751,80,0,40,0x0002,14600,,,,eth:ethertype:ip:tcp
1641212128.065609000,156,0.118254000,0.118254000,44:bb:3b:00:39:07,192.168.137.125,6,142,64,True,0,54098,443,90,32,0x0018,3233,,,,eth:ethertype:ip:tcp:tls
1641212128.114285000,66,0.048676000,0.048676000,3c:18:a0:41:c3:a0,34.123.64.154,6,52,60,True,0,443,54098,0,32,0x0010,728,,,,eth:ethertype:ip:tcp
1641212128.263879000,230,0.149594000,0.149594000,24:a1:60:14:7f:f9,192.168.137.188,17,216,255,False,0,,,,,,,49154,6667,196,eth:ethertype:ip:udp:data
1641212128.554461000,99,0.172528000,0.290582000,1c:12:b0:9b:0c:ec,192.168.137.179,6,85,64,True,0,52071,443,33,32,0x0018,1641,,,,eth:ethertype:ip:tcp:tls
1641212128.558958000,90,0.004497000,0.004497000,b0:09:da:3e:82:6c,192.168.137.119,17,76,64,True,18,,,,,,,44898,123,56,eth:ethertype:ip:udp:ntp
1641212128.583769000,97,0.024811000,0.024811000,3c:18:a0:41:c3:a0,3.227.78.8,6,83,230,True,0,443,52071,31,32,0x0018,132,,,,eth:ethertype:ip:tcp:tls
1641212128.585739000,66,0.001970000,0.001970000,1c:12:b0:9b:0c:ec,192.168.137.179,6,52,64,True,0,52071,443,0,32,0x0010,1641,,,,eth:ethertype:ip:tcp
1641212128.588655000,90,0.002916000,0.002916000,3c:18:a0:41:c3:a0,3.226.53.45,17,76,222,True,0,,,,,,,123,44898,56,eth:ethertype:ip:udp:ntp
1641212128.790685000,218,0.005173000,0.202030000,44:01:bb:ec:10:4a,192.168.137.66,17,204,64,True,0,,,,,,,50271,37010,184,eth:ethertype:ip:udp:data
1641212128.830553000,230,0.039868000,0.039868000,b8:f0:09:03:9a:af,192.168.137.102,17,216,255,False,0,,,,,,,49155,6667,196,eth:ethertype:ip:udp:data
1641212128.854107000,123,0.023554000,0.023554000,68:57:2d:56:ac:47,192.168.137.200,6,109,255,False,0,49185,8886,69,20,0x0018,2437,,,,eth:ethertype:ip:tcp:tls
1641212128.940599000,123,0.086492000,0.086492000,3c:18:a0:41:c3:a0,54.188.109.168,6,109,224,True,0,8886,49185,69,20,0x0018,2680,,,,eth:ethertype:ip:tcp:tls
1641212129.108676000,60,0.168077000,0.168077000,68:57:2d:56:ac:47,192.168.137.200,6,40,255,False,0,49185,8886,0,20,0x0010,2368,,,,eth:ethertype:ip:tcp
1641212129.228588000,74,0.050513000,0.119912000,c0:e7:bf:0a:79:d1,192.168.137.55,6,60,64,True,0,56624,1340,0,40,0x0002,14600,,,,eth:ethertype:ip:tcp
1641212129.317524000,74,0.088936000,0.088936000,3c:18:a0:41:c3:a0,47.88.48.255,6,60,111,True,0,1340,56624,0,40,0x0012,8192,,,,eth:ethertype:ip:tcp
1641212129.320660000,66,0.003136000,0.003136000,c0:e7:bf:0a:79:d1,192.168.137.55,6,52,64,True,0,56624,1340,0,32,0x0010,1825,,,,eth:ethertype:ip:tcp
1641212129.321340000,66,0.000680000,0.000680000,c0:e7:bf:0a:79:d1,192.168.137.55,6,52,64,True,0,56624,1340,0,32,0x0011,1825,,,,eth:ethertype:ip:tcp
1641212129.322606000,60,0.001266000,0.001266000,c0:e7:bf:0a:79:d1,192.168.137.55,17,44,64,True,0,,,,,,,35435,1341,24,eth:ethertype:ip:udp:data
1641212129.345129000,60,0.022523000,0.022523000,c0:e7:bf:0a:79:d1,192.168.137.55,17,44,64,True,0,,,,,,,35435,9001,24,eth:ethertype:ip:udp:data
1641212129.409778000,66,0.064649000,0.064649000,3c:18:a0:41:c3:a0,47.88.48.255,6,52,111,True,0,1340,56624,0,32,0x0010,1029,,,,eth:ethertype:ip:tcp
1641212129.409835000,66,0.000057000,0.000057000,3c:18:a0:41:c3:a0,47.88.48.255,6,52,111,True,0,1340,56624,0,32,0x0011,1029,,,,eth:ethertype:ip:tcp
1641212129.413107000,66,0.003272000,0.003272000,c0:e7:bf:0a:79:d1,192.168.137.55,6,52,64,True,0,56624,1340,0,32,0x0010,1825,,,,eth:ethertype:ip:tcp
1641212129.433975000,58,0.020868000,0.020868000,3c:18:a0:41:c3:a0,47.88.48.255,17,44,111,False,0,,,,,,,9001,35435,24,eth:ethertype:ip:udp:data
1641212129.470139000,230,0.036164000,0.036164000,50:02:91:10:ac:d8,192.168.137.135,17,216,255,False,0,,,,,,,49154,6667,196,eth:ethertype:ip:udp:data
1641212129.593824000,79,0.123685000,0.123685000,8c:85:80:6c:b6:47,192.168.137.184,17,65,64,True,0,,,,,,,44958,8006,45,eth:ethertype:ip:udp:data
1641212129.636817000,109,0.042993000,0.042993000,3c:18:a0:41:c3:a0,3.130.18.40,17,95,46,True,0,,,,,,,8006,44958,75,eth:ethertype:ip:udp:data
1641212129.655169000,230,0.018352000,0.018352000,50:02:91:b1:68:0c,192.168.137.161,17,216,255,False,0,,,,,,,49154,6667,196,eth:ethertype:ip:udp:data
1641212129.714969000,230,0.059800000,0.059800000,50:02:91:1a:ce:e1,192.168.137.218,17,216,255,False,0,,,,,,,49154,6667,196,eth:ethertype:ip:udp:data
1641212129.857470000,60,0.142501000,0.142501000,c0:e7:bf:0a:79:d1,192.168.137.55,17,44,64,True,0,,,,,,,35435,1341,24,eth:ethertype:ip:udp:data
1641212129.891496000,60,0.034026000,0.034026000,c0:e7:bf:0a:79:d1,192.168.137.55,17,44,64,True,0,,,,,,,35435,9001,24,eth:ethertype:ip:udp:data
1641212129.894664000,74,0.003168000,0.003168000,9c:8e:cd:1d:ab:9f,192.168.137.148,6,60,64,True,0,32913,53,0,40,0x0002,14600,,,,eth:ethertype:ip:tcp
1641212129.979805000,58,0.085141000,0.085141000,3c:18:a0:41:c3:a0,47.88.48.255,17,44,112,False,0,,,,,,,9001,35435,24,eth:ethertype:ip:udp:data
1641212130.067017000,214,0.087212000,0.087212000,d4:a6:51:76:06:64,192.168.137.44,17,200,255,False,0,,,,,,,49153,6667,180,eth:ethertype:ip:udp:data
1641212130.151041000,230,0.084024000,0.084024000,c4:dd:57:0c:39:94,192.168.137.211,17,216,255,False,0,,,,,,,49154,6667,196,eth:ethertype:ip:udp:data
1641212130.192617000,230,0.041576000,0.041576000,50:02:91:10:09:8f,192.168.137.147,17,216,255,False,0,,,,,,,49154,6667,196,eth:ethertype:ip:udp:data
1641212130.227252000,78,0.034635000,0.034635000,34:75:63:73:f3:36,192.168.137.136,17,64,64,True,0,,,,,,,41403,53,44,eth:ethertype:ip:udp:dns
1641212130.229673000,94,0.002421000,0.002421000,3c:18:a0:41:c3:a0,192.168.137.1,17,80,128,False,0,,,,,,,53,41403,60,eth:ethertype:ip:udp:dns
1641212130.231605000,77,0.001932000,0.001932000,34:75:63:73:f3:36,192.168.137.136,17,63,64,True,0,,,,,,,59002,53,43,eth:ethertype:ip:udp:dns
1641212130.233931000,93,0.002326000,0.002326000,3c:18:a0:41:c3:a0,192.168.137.1,17,79,128,False,0,,,,,,,53,59002,59,eth:ethertype:ip:udp:dns
1641212130.235668000,60,0.001737000,0.001737000,34:75:63:73:f3:36,192.168.137.136,17,32,64,True,0,,,,,,,28262,32100,12,eth:ethertype:ip:udp:data
1641212130.235668000,60,0.000000000,0.000000000,34:75:63:73:f3:36,192.168.137.136,17,32,64,True,0,,,,,,,28262,32100,12,eth:ethertype:ip:udp:data
1641212130.235668000,60,0.000000000,0.000000000,34:75:63:73:f3:36,192.168.137.136,17,32,64,True,0,,,,,,,28262,32100,12,eth:ethertype:ip:udp:data
1641212130.265203000,62,0.029535000,0.029535000,3c:18:a0:41:c3:a0,3.221.182.58,17,48,32,True,0,,,,,,,32100,28262,28,eth:ethertype:ip:udp:data
1641212130.403843000,106,0.138640000,0.138640000,c0:e7:bf:0a:79:d1,192.168.137.55,17,92,64,True,0,,,,,,,42035,7788,72,eth:ethertype:ip:udp:data
1641212130.480317000,62,0.052892000,0.076474000,3c:18:a0:41:c3:a0,47.112.162.49,17,48,41,True,0,,,,,,,32100,28262,28,eth:ethertype:ip:udp:data
1641212130.549345000,62,0.069028000,0.069028000,3c:18:a0:41:c3:a0,18.182.200.45,17,48,36,True,0,,,,,,,32100,28262,28,eth:ethertype:ip:udp:data
1641212130.594810000,214,0.045465000,0.045465000,68:57:2d:56:ac:47,192.168.137.200,17,200,255,False,0,,,,,,,49153,6667,180,eth:ethertype:ip:udp:data
1641212130.597695000,58,0.002885000,0.002885000,3c:18:a0:41:c3:a0,47.88.48.255,17,44,111,False,0,,,,,,,7788,42035,24,eth:ethertype:ip:udp:data
1641212130.889158000,74,0.291463000,0.291463000,9c:8e:cd:1d:ab:9f,192.168.137.148,6,60,64,True,0,32913,53,0,40,0x0002,14600,,,,eth:ethertype:ip:tcp
1641212131.042514000,156,0.017381000,0.153356000,44:bb:3b:00:39:07,192.168.137.125,6,142,64,True,0,54098,443,90,32,0x0018,3233,,,,eth:ethertype:ip:tcp:tls
1641212131.091514000,66,0.049000000,0.049000000,3c:18:a0:41:c3:a0,34.123.64.154,6,52,60,True,0,443,54098,0,32,0x0010,728,,,,eth:ethertype:ip:tcp
1641212131.107959000,214,0.016445000,0.016445000,d4:a6:51:20:91:d1,192.168.137.165,17,200,255,False,0,,,,,,,49153,6667,180,eth:ethertype:ip:udp:data
1641212131.428847000,98,0.227538000,0.320888000,c0:e7:bf:0a:79:d1,192.168.137.55,1,84,64,True,0,,,,,,,,,,eth:ethertype:ip:icmp:data
1641212131.507381000,66,0.078534000,0.078534000,3c:37:86:6f:b9:51,192.168.137.138,6,52,64,True,0,33980,443,0,32,0x0010,621,,,,eth:ethertype:ip:tcp
1641212131.517914000,230,0.010533000,0.010533000,b8:f0:09:03:29:79,192.168.137.58,17,216,255,False,0,,,,,,,49154,6667,196,eth:ethertype:ip:udp:data
1641212131.529100000,105,0.011186000,0.011186000,44:01:bb:ec:10:4a,192.168.137.66,6,91,64,True,0,36967,50920,39,32,0x0018,2811,,,,eth:ethertype:ip:tcp
1641212131.591717000,66,0.062617000,0.062617000,3c:18:a0:41:c3:a0,52.10.15.125,6,52,220,True,0,443,33980,0,32,0x0010,219,,,,eth:ethertype:ip:tcp
1641212131.616986000,78,0.025269000,0.025269000,3c:18:a0:41:c3:a0,47.254.90.186,6,64,48,True,0,50920,36967,0,44,0x0010,114,,,,eth:ethertype:ip:tcp
1641212131.814331000,218,0.197345000,0.197345000,44:01:bb:ec:10:4a,192.168.137.66,17,204,1,True,0,,,,,,,37020,37000,184,eth:ethertype:ip:udp:data
1641212131.959796000,74,0.040583000,0.145465000,c0:e7:bf:0a:79:d1,192.168.137.55,6,60,64,True,0,55751,80,0,40,0x0002,14600,,,,eth:ethertype:ip:tcp
1641212132.065475000,156,0.105679000,0.105679000,44:bb:3b:00:39:07,192.168.137.125,6,142,64,True,0,54098,443,90,32,0x0018,3233,,,,eth:ethertype:ip:tcp:tls
1641212132.114174000,66,0.048699000,0.048699000,3c:18:a0:41:c3:a0,34.123.64.154,6,52,60,True,0,443,54098,0,32,0x0010,728,,,,eth:ethertype:ip:tcp
1641212132.485954000,214,0.325894000,0.371780000,d4:a6:51:30:64:b7,192.168.137.202,17,200,255,False,0,,,,,,,55407,6667,180,eth:ethertype:ip:udp:data
1641212132.609594000,126,0.014597000,0.123640000,c0:e7:bf:0a:79:d1,192.168.137.55,17,112,64,True,0,,,,,,,41224,8877,92,eth:ethertype:ip:udp:data
1641212132.645865000,60,0.036271000,0.036271000,10:2c:6b:1b:43:be,192.168.137.176,17,32,64,True,0,,,,,,,60938,10001,12,eth:ethertype:ip:udp:data
1641212132.651588000,60,0.005723000,0.005723000,10:2c:6b:1b:43:be,192.168.137.176,17,32,64,True,0,,,,,,,60938,10001,12,eth:ethertype:ip:udp:data
1641212132.651588000,60,0.000000000,0.000000000,10:2c:6b:1b:43:be,192.168.137.176,17,32,64,True,0,,,,,,,60938,10001,12,eth:ethertype:ip:udp:data
1641212132.688512000,214,0.036924000,0.036924000,d4:a6:51:78:97:4e,192.168.137.204,17,200,255,False,0,,,,,,,49153,6667,180,eth:ethertype:ip:udp:data
1641212132.698629000,58,0.010117000,0.010117000,3c:18:a0:41:c3:a0,47.88.48.255,17,44,111,False,0,,,,,,,8877,41224,24,eth:ethertype:ip:udp:data
1641212132.889100000,74,0.190471000,0.190471000,9c:8e:cd:1d:ab:9f,192.168.137.148,6,60,64,True,0,32913,53,0,40,0x0002,14600,,,,eth:ethertype:ip:tcp
1641212132.891265000,66,0.002165000,0.002165000,40:5d:82:35:14:c8,192.168.137.54,6,52,64,True,0,52596,443,0,32,0x0010,1225,,,,eth:ethertype:ip:tcp
1641212132.978233000,66,0.086968000,0.086968000,3c:18:a0:41:c3:a0,100.20.126.204,6,52,220,True,0,443,52596,0,32,0x0010,55,,,,eth:ethertype:ip:tcp
1641212133.079129000,60,0.100896000,0.100896000,70:ee:50:68:0e:32,192.168.137.178,17,29,64,True,0,,,,,,,59416,4500,9,eth:ethertype:ip:udp:udpencap
1641212133.211819000,214,0.132690000,0.132690000,d4:a6:51:21:6c:29,192.168.137.109,17,200,255,False,0,,,,,,,49154,6667,180,eth:ethertype:ip:udp:data
1641212133.249886000,123,0.038067000,0.038067000,d4:a6:51:20:91:d1,192.168.137.165,6,109,255,False,0,49184,8886,69,20,0x0018,2713,,,,eth:ethertype:ip:tcp:tls
1641212133.267850000,230,0.017964000,0.017964000,24:a1:60:14:7f:f9,192.168.137.188,17,216,255,False,0,,,,,,,49154,6667,196,eth:ethertype:ip:udp:data
1641212133.336197000,123,0.068347000,0.068347000,3c:18:a0:41:c3:a0,35.164.195.39,6,109,224,True,0,8886,49184,69,20,0x0018,2680,,,,eth:ethertype:ip:tcp:tls
1641212133.386133000,97,0.049936000,0.049936000,50:14:79:37:80:18,192.168.137.17,6,83,64,True,0,54560,443,31,32,0x0018,9804,,,,eth:ethertype:ip:tcp:tls
1641212133.415846000,97,0.029713000,0.029713000,3c:18:a0:41:c3:a0,44.194.125.35,6,83,230,True,0,443,54560,31,32,0x0018,425,,,,eth:ethertype:ip:tcp:tls
1641212133.418033000,66,0.002187000,0.002187000,50:14:79:37:80:18,192.168.137.17,6,52,64,True,0,54560,443,0,32,0x0010,9804,,,,eth:ethertype:ip:tcp
1641212133.431520000,98,0.013487000,0.013487000,c0:e7:bf:0a:79:d1,192.168.137.55,1,84,64,True,0,,,,,,,,,,eth:ethertype:ip:icmp:data
1641212133.571591000,60,0.140071000,0.140071000,d4:a6:51:20:91:d1,192.168.137.165,6,40,255,False,0,49184,8886,0,20,0x0010,2644,,,,eth:ethertype:ip:tcp
1641212133.824801000,230,0.253210000,0.253210000,b8:f0:09:03:9a:af,192.168.137.102,17,216,255,False,0,,,,,,,49155,6667,196,eth:ethertype:ip:udp:data
1641212134.124080000,156,0.183611000,0.299279000,44:bb:3b:00:39:07,192.168.137.125,6,142,64,True,0,54098,443,90,32,0x0018,3233,,,,eth:ethertype:ip:tcp:tls
1641212134.172837000,66,0.048757000,0.048757000,3c:18:a0:41:c3:a0,34.123.64.154,6,52,60,True,0,443,54098,0,32,0x0010,728,,,,eth:ethertype:ip:tcp
1641212134.470912000,230,0.298075000,0.298075000,50:02:91:10:ac:d8,192.168.137.135,17,216,255,False,0,,,,,,,49154,6667,196,eth:ethertype:ip:udp:data
1641212134.647609000,230,0.151454000,0.176697000,50:02:91:b1:68:0c,192.168.137.161,17,216,255,False,0,,,,,,,49154,6667,196,eth:ethertype:ip:udp:data
1641212134.687542000,140,0.039933000,0.039933000,3c:18:a0:41:c3:a0,34.123.64.154,6,126,60,True,0,443,54098,74,32,0x0018,728,,,,eth:ethertype:ip:tcp:tls
1641212134.700365000,66,0.012823000,0.012823000,44:bb:3b:00:39:07,192.168.137.125,6,52,64,True,0,54098,443,0,32,0x0010,3233,,,,eth:ethertype:ip:tcp
1641212134.714836000,230,0.014471000,0.014471000,50:02:91:1a:ce:e1,192.168.137.218,17,216,255,False,0,,,,,,,49154,6667,196,eth:ethertype:ip:udp:data
1641212134.832486000,218,0.117650000,0.117650000,44:01:bb:ec:10:4a,192.168.137.66,17,204,64,True,0,,,,,,,50271,37010,184,eth:ethertype:ip:udp:data
1641212134.976362000,74,0.077567000,0.143876000,c0:e7:bf:0a:79:d1,192.168.137.55,6,60,64,True,0,55753,80,0,40,0x0002,14600,,,,eth:ethertype:ip:tcp
1641212135.149539000,230,0.068689000,0.173177000,c4:dd:57:0c:39:94,192.168.137.211,17,216,255,False,0,,,,,,,49154,6667,196,eth:ethertype:ip:udp:data
1641212135.162504000,156,0.012965000,0.012965000,44:bb:3b:00:39:07,192.168.137.125,6,142,64,True,0,54098,443,90,32,0x0018,3233,,,,eth:ethertype:ip:tcp:tls
1641212135.192530000,230,0.030026000,0.030026000,50:02:91:10:09:8f,192.168.137.147,17,216,255,False,0,,,,,,,49154,6667,196,eth:ethertype:ip:udp:data
1641212135.199321000,100,0.006791000,0.006791000,3c:18:a0:41:c3:a0,52.94.243.11,6,86,223,True,0,443,47604,46,20,0x0018,1688,,,,eth:ethertype:ip:tcp:tls
1641212135.211213000,66,0.011892000,0.011892000,3c:18:a0:41:c3:a0,34.123.64.154,6,52,60,True,0,443,54098,0,32,0x0010,728,,,,eth:ethertype:ip:tcp
1641212135.213493000,100,0.002280000,0.002280000,a0:d0:dc:c4:08:ff,192.168.137.133,6,86,64,True,0,47604,443,46,20,0x0018,2920,,,,eth:ethertype:ip:tcp:tls
1641212135.242112000,54,0.028619000,0.028619000,3c:18:a0:41:c3:a0,52.94.243.11,6,40,223,True,0,443,47604,0,20,0x0010,1688,,,,eth:ethertype:ip:tcp
1641212135.322390000,214,0.080278000,0.080278000,d4:a6:51:76:06:64,192.168.137.44,17,200,255,False,0,,,,,,,49153,6667,180,eth:ethertype:ip:udp:data
1641212135.429359000,98,0.106969000,0.106969000,c0:e7:bf:0a:79:d1,192.168.137.55,1,84,64,True,0,,,,,,,,,,eth:ethertype:ip:icmp:data
1641212135.592468000,214,0.163109000,0.163109000,68:57:2d:56:ac:47,192.168.137.200,17,200,255,False,0,,,,,,,49153,6667,180,eth:ethertype:ip:udp:data
1641212135.780114000,99,0.187646000,0.187646000,b0:09:da:3e:82:6c,192.168.137.119,6,85,64,True,46,60854,443,33,32,0x0018,1090,,,,eth:ethertype:ip:tcp:tls
1641212135.849961000,66,0.069847000,0.069847000,3c:18:a0:41:c3:a0,3.218.252.149,6,52,228,True,0,443,60854,0,32,0x0010,1422,,,,eth:ethertype:ip:tcp
1641212135.851783000,127,0.001822000,0.001822000,b0:09:da:3e:82:6c,192.168.137.119,6,113,64,True,46,60854,443,61,32,0x0018,1090,,,,eth:ethertype:ip:tcp:tls
1641212135.880306000,66,0.028523000,0.028523000,3c:18:a0:41:c3:a0,3.218.252.149,6,52,228,True,0,443,60854,0,32,0x0010,1422,,,,eth:ethertype:ip:tcp
1641212135.880363000,99,0.000057000,0.000057000,3c:18:a0:41:c3:a0,3.218.252.149,6,85,228,True,0,443,60854,33,32,0x0018,1422,,,,eth:ethertype:ip:tcp:tls
1641212135.880396000,131,0.000033000,0.000033000,3c:18:a0:41:c3:a0,3.218.252.149,6,117,228,True,0,443,60854,65,32,0x0018,1422,,,,eth:ethertype:ip:tcp:tls
1641212135.885967000,66,0.005571000,0.005571000,b0:09:da:3e:82:6c,192.168.137.119,6,52,64,True,46,60854,443,0,32,0x0010,1090,,,,eth:ethertype:ip:tcp
1641212135.967586000,74,0.081619000,0.081619000,c0:e7:bf:0a:79:d1,192.168.137.55,6,60,64,True,0,55753,80,0,40,0x0002,14600,,,,eth:ethertype:ip:tcp
1641212136.115118000,81,0.147532000,0.147532000,cc:f4:11:9c:d0:00,192.168.137.246,17,67,255,True,0,,,,,,,5353,5353,47,eth:ethertype:ip:udp:mdns
1641212136.115118000,81,0.000000000,0.000000000,cc:f4:11:9c:d0:00,192.168.137.246,17,67,255,True,0,,,,,,,5353,5353,47,eth:ethertype:ip:udp:mdns
1641212136.188770000,156,0.073652000,0.073652000,44:bb:3b:00:39:07,192.168.137.125,6,142,64,True,0,54098,443,90,32,0x0018,3233,,,,eth:ethertype:ip:tcp:tls
1641212136.208387000,139,0.019617000,0.019617000,70:ee:50:68:0e:32,192.168.137.178,17,125,255,True,0,,,,,,,5353,5353,105,eth:ethertype:ip:udp:mdns
1641212136.238144000,66,0.029200000,0.029757000,3c:18:a0:41:c3:a0,34.123.64.154,6,52,60,True,0,443,54098,0,32,0x0010,728,,,,eth:ethertype:ip:tcp
1641212136.250392000,95,0.012248000,0.012248000,9c:8e:cd:1d:ab:9f,192.168.137.148,17,81,64,True,0,,,,,,,42384,8802,61,eth:ethertype:ip:udp:data
1641212136.278823000,98,0.028431000,0.028431000,3c:18:a0:41:c3:a0,54.205.158.199,17,84,39,True,0,,,,,,,8802,42384,64,eth:ethertype:ip:udp:data
1641212136.375093000,60,0.096270000,0.096270000,00:17:88:60:d6:4f,192.168.137.33,6,40,64,True,0,46474,443,0,20,0x0010,4730,,,,eth:ethertype:ip:tcp
1641212136.423817000,54,0.048724000,0.048724000,3c:18:a0:41:c3:a0,173.194.194.206,6,40,123,False,0,443,46474,0,20,0x0010,269,,,,eth:ethertype:ip:tcp
1641212136.488420000,100,0.064603000,0.064603000,3c:18:a0:41:c3:a0,52.94.229.122,6,86,213,True,0,443,41772,46,20,0x0018,32620,,,,eth:ethertype:ip:tcp:tls
1641212136.490248000,100,0.001828000,0.001828000,1c:fe:2b:98:16:dd,192.168.137.28,6,86,64,True,0,41772,443,46,20,0x0018,1825,,,,eth:ethertype:ip:tcp:tls
1641212136.519061000,230,0.028813000,0.028813000,b8:f0:09:03:29:79,192.168.137.58,17,216,255,False,0,,,,,,,49154,6667,196,eth:ethertype:ip:udp:data
1641212136.519432000,54,0.000371000,0.000371000,3c:18:a0:41:c3:a0,52.94.229.122,6,40,213,True,0,443,41772,0,20,0x0010,32619,,,,eth:ethertype:ip:tcp
1641212136.571468000,214,0.052036000,0.052036000,d4:a6:51:20:91:d1,192.168.137.165,17,200,255,False,0,,,,,,,49153,6667,180,eth:ethertype:ip:udp:data
1641212137.099573000,123,0.379160000,0.528105000,d4:a6:51:78:97:4e,192.168.137.204,6,109,255,False,0,49153,8886,69,20,0x0018,1609,,,,eth:ethertype:ip:tcp:tls
1641212137.186897000,123,0.087324000,0.087324000,3c:18:a0:41:c3:a0,54.188.99.4,6,109,219,True,0,8886,49153,69,20,0x0018,3752,,,,eth:ethertype:ip:tcp:tls
1641212137.436349000,98,0.249452000,0.249452000,c0:e7:bf:0a:79:d1,192.168.137.55,1,84,64,True,0,,,,,,,,,,eth:ethertype:ip:icmp:data
1641212137.487468000,214,0.051119000,0.051119000,d4:a6:51:30:64:b7,192.168.137.202,17,200,255,False,0,,,,,,,55407,6667,180,eth:ethertype:ip:udp:data
1641212137.578019000,60,0.090551000,0.090551000,d4:a6:51:78:97:4e,192.168.137.204,6,40,255,False,0,49153,8886,0,20,0x0010,1540,,,,eth:ethertype:ip:tcp
1641212137.597633000,60,0.019614000,0.019614000,8c:85:80:6c:b6:47,192.168.137.184,17,32,64,True,0,,,,,,,24204,32100,12,eth:ethertype:ip:udp:data
1641212137.597633000,60,0.000000000,0.000000000,8c:85:80:6c:b6:47,192.168.137.184,17,32,64,True,0,,,,,,,24204,32100,12,eth:ethertype:ip:udp:data
1641212137.597633000,60,0.000000000,0.000000000,8c:85:80:6c:b6:47,192.168.137.184,17,32,64,True,0,,,,,,,24204,32100,12,eth:ethertype:ip:udp:data
1641212137.597633000,90,0.000000000,0.000000000,8c:85:80:6c:b6:47,192.168.137.184,17,76,64,True,0,,,,,,,24204,32100,56,eth:ethertype:ip:udp:data
1641212137.597633000,90,0.000000000,0.000000000,8c:85:80:6c:b6:47,192.168.137.184,17,76,64,True,0,,,,,,,24204,32100,56,eth:ethertype:ip:udp:data
1641212137.597633000,90,0.000000000,0.000000000,8c:85:80:6c:b6:47,192.168.137.184,17,76,64,True,0,,,,,,,24204,32100,56,eth:ethertype:ip:udp:data
1641212137.646080000,62,0.048447000,0.048447000,3c:18:a0:41:c3:a0,34.235.4.153,17,48,37,True,0,,,,,,,32100,24204,28,eth:ethertype:ip:udp:data
1641212137.646136000,54,0.000056000,0.000056000,3c:18:a0:41:c3:a0,34.235.4.153,17,40,37,True,0,,,,,,,32100,24204,20,eth:ethertype:ip:udp:data
1641212137.646173000,62,0.000037000,0.000037000,3c:18:a0:41:c3:a0,18.223.127.200,17,48,40,True,0,,,,,,,32100,24204,28,eth:ethertype:ip:udp:data
1641212137.664726000,54,0.018553000,0.018553000,3c:18:a0:41:c3:a0,18.223.127.200,17,40,40,True,0,,,,,,,32100,24204,20,eth:ethertype:ip:udp:data
1641212137.684969000,60,0.020243000,0.020243000,10:2c:6b:1b:43:be,192.168.137.176,17,32,64,True,0,,,,,,,60938,10001,12,eth:ethertype:ip:udp:data
1641212137.684969000,60,0.000000000,0.000000000,10:2c:6b:1b:43:be,192.168.137.176,17,32,64,True,0,,,,,,,60938,10001,12,eth:ethertype:ip:udp:data
1641212137.684969000,60,0.000000000,0.000000000,10:2c:6b:1b:43:be,192.168.137.176,17,32,64,True,0,,,,,,,60938,10001,12,eth:ethertype:ip:udp:data
1641212137.865792000,218,0.180823000,0.180823000,44:01:bb:ec:10:4a,192.168.137.66,17,204,1,True,0,,,,,,,37020,37000,184,eth:ethertype:ip:udp:data
1641212137.967157000,74,0.101365000,0.101365000,c0:e7:bf:0a:79:d1,192.168.137.55,6,60,64,True,0,55753,80,0,40,0x0002,14600,,,,eth:ethertype:ip:tcp
1641212138.241194000,156,0.079720000,0.274037000,44:bb:3b:00:39:07,192.168.137.125,6,142,64,True,0,54098,443,90,32,0x0018,3233,,,,eth:ethertype:ip:tcp:tls
1641212138.254971000,214,0.013777000,0.013777000,d4:a6:51:78:97:4e,192.168.137.204,17,200,255,False,0,,,,,,,49153,6667,180,eth:ethertype:ip:udp:data
1641212138.263255000,230,0.008284000,0.008284000,24:a1:60:14:7f:f9,192.168.137.188,17,216,255,False,0,,,,,,,49154,6667,196,eth:ethertype:ip:udp:data
1641212138.289802000,66,0.026547000,0.026547000,3c:18:a0:41:c3:a0,34.123.64.154,6,52,60,True,0,443,54098,0,32,0x0010,728,,,,eth:ethertype:ip:tcp
1641212138.581755000,214,0.198211000,0.291953000,d4:a6:51:21:6c:29,192.168.137.109,17,200,255,False,0,,,,,,,49154,6667,180,eth:ethertype:ip:udp:data
1641212138.637625000,90,0.055870000,0.055870000,8c:85:80:6c:b6:47,192.168.137.184,17,76,64,True,0,,,,,,,24204,32100,56,eth:ethertype:ip:udp:data
1641212138.637625000,90,0.000000000,0.000000000,8c:85:80:6c:b6:47,192.168.137.184,17,76,64,True,0,,,,,,,24204,32100,56,eth:ethertype:ip:udp:data
1641212138.637625000,90,0.000000000,0.000000000,8c:85:80:6c:b6:47,192.168.137.184,17,76,64,True,0,,,,,,,24204,32100,56,eth:ethertype:ip:udp:data
1641212138.666226000,54,0.028601000,0.028601000,3c:18:a0:41:c3:a0,34.235.4.153,17,40,38,True,0,,,,,,,32100,24204,20,eth:ethertype:ip:udp:data
1641212138.681105000,54,0.014879000,0.014879000,3c:18:a0:41:c3:a0,18.223.127.200,17,40,41,True,0,,,,,,,32100,24204,20,eth:ethertype:ip:udp:data
1641212138.825302000,230,0.144197000,0.144197000,b8:f0:09:03:9a:af,192.168.137.102,17,216,255,False,0,,,,,,,49155,6667,196,eth:ethertype:ip:udp:data
